collection_name;r_numr;card_name;image_url;rarity;quantity;set_name;set_card_number;condition;language;notes
AST;0;The End of Anubis;https://yugipedia.com/wiki/The_End_of_Anubis;;;;;;;
AST;1;Gogiga Gagagigo;https://yugipedia.com/wiki/Gogiga_Gagagigo;;;;;;;
AST;2;Warrior of Zera;https://yugipedia.com/wiki/Warrior_of_Zera;;;;;;;
AST;3;Sealmaster Meisei;;;;;;;;
AST;4;Mystical Shine Ball;;;;;;;;
AST;5;Metal Armored Bug;;;;;;;;
AST;6;The Agent of Judgment - Saturn;;;;;;;;
AST;7;The Agent of Wisdom - Mercury;;;;;;;;
AST;8;The Agent of Creation - Venus;;;;;;;;
AST;9;The Agent of Force - Mars;;;;;;;;
AST;10;The Unhappy Girl;;;;;;;;
AST;11;Soul-Absorbing Bone Tower;;;;;;;;
AST;12;The Kick Man;;;;;;;;
AST;13;Vampire Lady;;;;;;;;
AST;14;Stone Statue of the Aztecs;;;;;;;;
AST;15;Rocket Jumper;;;;;;;;
AST;16;Avatar of The Pot;;;;;;;;
AST;17;Legendary Jujitsu Master;;;;;;;;
AST;18;Gear Golem the Moving Fortress;;;;;;;;
AST;19;KA-2 Des Scissors;;;;;;;;
AST;20;Needle Burrower;;;;;;;;
AST;21;Sonic Jammer;;;;;;;;
AST;22;Blowback Dragon;;;;;;;;
AST;23;Zaborg the Thunder Monarch;;;;;;;;
AST;24;Atomic Firefly;;;;;;;;
AST;25;Mermaid Knight;;;;;;;;
AST;26;Piranha Army;;;;;;;;
AST;27;Two Thousand Needles;;;;;;;;
AST;28;Disc Fighter;;;;;;;;
AST;29;Arcane Archer of the Forest;;;;;;;;
AST;30;Lady Ninja Yae;;;;;;;;
AST;31;Goblin King;;;;;;;;
AST;32;Solar Flare Dragon;;;;;;;;
AST;33;White Magician Pikeru;;;;;;;;
AST;34;Archlord Zerato;;;;;;;;
AST;35;Opti-Camouflage Armor;;;;;;;;
AST;36;Mystik Wok;;;;;;;;
AST;37;Enemy Controller;;;;;;;;
AST;38;Burst Stream of Destruction;;;;;;;;
AST;39;Monster Gate;;;;;;;;
AST;40;Amplifier;;;;;;;;
AST;41;Weapon Change;;;;;;;;
AST;42;The Sanctuary in the Sky;;;;;;;;
AST;43;Earthquake;;;;;;;;
AST;44;Talisman of Trap Sealing;;;;;;;;
AST;45;Goblin Thief;;;;;;;;
AST;46;Backfire;;;;;;;;
AST;47;Micro Ray;;;;;;;;
AST;48;Light of Judgment;;;;;;;;
AST;49;Talisman of Spell Sealing;;;;;;;;
AST;50;Wall of Revealing Light;;;;;;;;
AST;51;Solar Ray;;;;;;;;
AST;52;Ninjitsu Art of Transformation;;;;;;;;
AST;53;Beckoning Light;;;;;;;;
AST;54;Draining Shield;;;;;;;;
AST;55;Armor Break;;;;;;;;
AST;56;Gigobyte;;;;;;;;
AST;57;Mokey Mokey;;;;;;;;
AST;58;Kozaky;;;;;;;;
AST;59;Fiend Scorpion;;;;;;;;
AST;60;Pharaoh's Servant;;;;;;;;
AST;61;Pharaonic Protector;;;;;;;;
AST;62;Spirit of the Pharaoh;;;;;;;;
AST;63;Theban Nightmare;;;;;;;;
AST;64;Aswan Apparition;;;;;;;;
AST;65;Protector of the Sanctuary;;;;;;;;
AST;66;Nubian Guard;;;;;;;;
AST;67;Legacy Hunter;;;;;;;;
AST;68;Desertapir;;;;;;;;
AST;69;Sand Gambler;;;;;;;;
AST;70;3-Hump Lacooda;;;;;;;;
AST;71;Ghost Knight of Jackal;;;;;;;;
AST;72;Absorbing Kid from the Sky;;;;;;;;
AST;73;Elephant Statue of Blessing;;;;;;;;
AST;74;Elephant Statue of Disaster;;;;;;;;
AST;75;Spirit Caller;;;;;;;;
AST;76;Emissary of the Afterlife;;;;;;;;
AST;77;Grave Protector;;;;;;;;
AST;78;Double Coston;;;;;;;;
AST;79;Regenerating Mummy;;;;;;;;
AST;80;Night Assailant;;;;;;;;
AST;81;Man-Thro' Tro';;;;;;;;
AST;82;King of the Swamp;;;;;;;;
AST;83;Emissary of the Oasis;;;;;;;;
AST;84;Special Hurricane;;;;;;;;
AST;85;Order to Charge;;;;;;;;
AST;86;Sword of the Soul-Eater;;;;;;;;
AST;87;Dust Barrier;;;;;;;;
AST;88;Soul Reversal;;;;;;;;
AST;89;Spell Economics;;;;;;;;
AST;90;Blessings of the Nile;;;;;;;;
AST;91;7;;;;;;;;
AST;92;Level Limit - Area B;;;;;;;;
AST;93;Enchanting Fitting Room;;;;;;;;
AST;94;The Law of the Normal;;;;;;;;
AST;95;Dark Magic Attack;;;;;;;;
AST;96;Delta Attacker;;;;;;;;
AST;97;Thousand Energy;;;;;;;;
AST;98;Triangle Power;;;;;;;;
AST;99;The Third Sarcophagus;;;;;;;;
AST;100;The Second Sarcophagus;;;;;;;;
AST;101;The First Sarcophagus;;;;;;;;
AST;102;Dora of Fate;;;;;;;;
AST;103;Judgment of the Desert;;;;;;;;
AST;104;Human-Wave Tactics;;;;;;;;
AST;105;Curse of Anubis;;;;;;;;
AST;106;Desert Sunlight;;;;;;;;
AST;107;Des Counterblow;;;;;;;;
AST;108;Labyrinth of Nightmare;;;;;;;;
AST;109;Soul Resurrection;;;;;;;;
AST;110;Order to Smash;;;;;;;;
AST;111;Mazera DeVille;;;;;;;;
CRV;1;Cycroid;;;;;;;;
CRV;2;Soitsu;;;;;;;;
CRV;3;Mad Lobster;;;;;;;;
CRV;4;Jerry Beans Man;;;;;;;;
CRV;5;Winged Kuriboh LV10;;;;;;;;
CRV;6;Patroid;;;;;;;;
CRV;7;Gyroid;;;;;;;;
CRV;8;Steamroid;;;;;;;;
CRV;9;Drillroid;;;;;;;;
CRV;10;UFOroid;;;;;;;;
CRV;11;Jetroid;;;;;;;;
CRV;12;Wroughtweiler;;;;;;;;
CRV;13;Dark Catapulter;;;;;;;;
CRV;14;Elemental HERO Bubbleman (as Elemental Hero Bubbleman);;;;;;;;
CRV;15;Cyber Dragon;;;;;;;;
CRV;16;Cybernetic Magician;;;;;;;;
CRV;17;Cybernetic Cyclopean;;;;;;;;
CRV;18;Mechanical Hound;;;;;;;;
CRV;19;Cyber Archfiend;;;;;;;;
CRV;20;Goblin Elite Attack Force;;;;;;;;
CRV;21;B.E.S. Crystal Core;;;;;;;;
CRV;22;Giant Kozaky;;;;;;;;
CRV;23;Indomitable Fighter Lei Lei;;;;;;;;
CRV;24;Protective Soul Ailin;;;;;;;;
CRV;25;Doitsu;;;;;;;;
CRV;26;Des Frog;;;;;;;;
CRV;27;T.A.D.P.O.L.E.;;;;;;;;
CRV;28;Poison Draw Frog;;;;;;;;
CRV;30;Batteryman C;;;;;;;;
CRV;31;Ebon Magician Curran;;;;;;;;
CRV;32;D.D.M. - Different Dimension Master;;;;;;;;
CRV;33;Steam Gyroid;;;;;;;;
CRV;34;UFOroid Fighter;;;;;;;;
CRV;35;Cyber Twin Dragon;;;;;;;;
CRV;36;Cyber End Dragon;;;;;;;;
CRV;37;Power Bond;;;;;;;;
CRV;38;Fusion Recovery;;;;;;;;
CRV;39;Miracle Fusion;;;;;;;;
CRV;40;Dragon's Mirror;;;;;;;;
CRV;41;System Down;;;;;;;;
CRV;42;Des Croaking;;;;;;;;
CRV;43;Pot of Generosity;;;;;;;;
CRV;44;Shien's Spy;;;;;;;;
CRV;45;Transcendent Wings;;;;;;;;
CRV;46;Bubble Shuffle;;;;;;;;
CRV;47;Spark Blaster;;;;;;;;
CRV;48;Skyscraper;;;;;;;;
CRV;49;Fire Darts;;;;;;;;
CRV;50;Spiritual Earth Art - Kurogane;;;;;;;;
CRV;51;Spiritual Water Art - Aoi;;;;;;;;
CRV;52;Spiritual Fire Art - Kurenai;;;;;;;;
CRV;53;Spiritual Wind Art - Miyabi;;;;;;;;
CRV;54;A Rival Appears!;;;;;;;;
CRV;55;Magical Explosion;;;;;;;;
CRV;56;Rising Energy;;;;;;;;
CRV;58;Conscription;;;;;;;;
CRV;59;Dimension Wall;;;;;;;;
CRV;60;Prepare to Strike Back;;;;;;;;
CT2;2;Exarion Universe;;;;;;;;
DB2;34;Blade Knight;;;;;;;;
DB2;85;Wattkid;;;;;;;;
DB2;86;Soul of the Pure;;;;;;;;
DB2;88;The Statue of Easter Island;;;;;;;;
DB2;89;Shining Friendship;;;;;;;;
DB2;93;Mechanicalchaser;;;;;;;;
DB2;97;Goddess with the Third Eye;;;;;;;;
DB2;98;Lord of the Lamp;;;;;;;;
DB2;100;Cyber-Stein;;;;;;;;
DB2;101;Dragon Seeker;;;;;;;;
DB2;102;Needle Worm;;;;;;;;
DB2;103;Greenkappa;;;;;;;;
DB2;104;Morphing Jar;;;;;;;;
DB2;105;Penguin Soldier;;;;;;;;
DB2;106;Royal Decree;;;;;;;;
DB2;107;Magical Thorn;;;;;;;;
DB2;108;Restructer Revolution;;;;;;;;
DB2;110;Total Defense Shogun;;;;;;;;
DB2;111;Swift Gaia the Fierce Knight;;;;;;;;
DB2;112;Obnoxious Celtic Guard;;;;;;;;
DB2;113;Luminous Soldier;;;;;;;;
DB2;114;Command Knight;;;;;;;;
DB2;115;Kaiser Sea Horse;;;;;;;;
DB2;117;Toon Goblin Attack Force;;;;;;;;
DB2;118;Toon Cannon Soldier;;;;;;;;
DB2;119;Toon Gemini Elf;;;;;;;;
DB2;120;Toon Masked Sorcerer;;;;;;;;
DB2;121;Toon Table of Contents;;;;;;;;
DB2;122;Toon Defense;;;;;;;;
DB2;165;Luster Dragon #2;;;;;;;;
DB2;170;Gradius' Option;;;;;;;;
DB2;195;After the Struggle;;;;;;;;
DB2;249;Perfectly Ultimate Great Moth;;;;;;;;
DCR;0;Vampire Lord;;;;;;;;
DCR;1;Battle Footballer;;;;;;;;
DCR;2;Nin-Ken Dog;;;;;;;;
DCR;3;Acrobat Monkey;;;;;;;;
DCR;4;Arsenal Summoner;;;;;;;;
DCR;5;Guardian Elma;;;;;;;;
DCR;6;Guardian Ceal;;;;;;;;
DCR;7;Guardian Grarl;;;;;;;;
DCR;8;Guardian Baou;;;;;;;;
DCR;9;Guardian Kay'est;;;;;;;;
DCR;10;Guardian Tryce;;;;;;;;
DCR;11;Cyber Raider;;;;;;;;
DCR;12;Reflect Bounder;;;;;;;;
DCR;13;Little-Winguard;;;;;;;;
DCR;14;Des Feral Imp;;;;;;;;
DCR;15;Different Dimension Dragon;;;;;;;;
DCR;16;Shinato, King of a Higher Plane;;;;;;;;
DCR;17;Dark Flare Knight;;;;;;;;
DCR;18;Mirage Knight;;;;;;;;
DCR;19;Berserk Dragon;;;;;;;;
DCR;20;Exodia Necross;;;;;;;;
DCR;21;Gyaku-Gire Panda;;;;;;;;
DCR;22;Blindly Loyal Goblin;;;;;;;;
DCR;23;Despair from the Dark;;;;;;;;
DCR;24;Maju Garzett;;;;;;;;
DCR;25;Fear from the Dark;;;;;;;;
DCR;26;Dark Scorpion - Chick the Yellow;;;;;;;;
DCR;27;D.D. Warrior Lady;;;;;;;;
DCR;28;Thousand Needles;;;;;;;;
DCR;29;Shinato's Ark;;;;;;;;
DCR;30;A Deal with Dark Ruler;;;;;;;;
DCR;31;Contract with Exodia;;;;;;;;
DCR;32;Butterfly Dagger - Elma;;;;;;;;
DCR;33;Shooting Star Bow - Ceal;;;;;;;;
DCR;34;Gravity Axe - Grarl;;;;;;;;
DCR;35;Wicked-Breaking Flamberge - Baou;;;;;;;;
DCR;36;Rod of Silence - Kay'est;;;;;;;;
DCR;37;Twin Swords of Flashing Light - Tryce;;;;;;;;
DCR;38;Precious Cards from Beyond;;;;;;;;
DCR;39;Rod of the Mind's Eye;;;;;;;;
DCR;40;Fairy of the Spring;;;;;;;;
DCR;41;Token Thanksgiving;;;;;;;;
DCR;42;Morale Boost;;;;;;;;
DCR;43;Non-Spellcasting Area;;;;;;;;
DCR;44;Different Dimension Gate;;;;;;;;
DCR;45;Final Attack Orders;;;;;;;;
DCR;46;Staunch Defender;;;;;;;;
DCR;47;Ojama Trio;;;;;;;;
DCR;48;Arsenal Robber;;;;;;;;
DCR;49;Skill Drain;;;;;;;;
DCR;50;Really Eternal Rest;;;;;;;;
DCR;51;Kaiser Glider;;;;;;;;
DCR;52;Interdimensional Matter Transporter;;;;;;;;
DCR;53;Cost Down;;;;;;;;
DCR;54;Gagagigo;;;;;;;;
DCR;55;D.D. Trainer;;;;;;;;
DCR;56;Ojama Green;;;;;;;;
DCR;57;Archfiend Soldier;;;;;;;;
DCR;58;Pandemonium Watchbear;;;;;;;;
DCR;59;Sasuke Samurai 2;;;;;;;;
DCR;60;Dark Scorpion - Gorg the Strong;;;;;;;;
DCR;61;Dark Scorpion - Meanae the Thorn;;;;;;;;
DCR;62;Outstanding Dog Marron;;;;;;;;
DCR;63;Great Maju Garzett;;;;;;;;
DCR;64;Iron Blacksmith Kotetsu;;;;;;;;
DCR;65;Goblin of Greed;;;;;;;;
DCR;66;Mefist the Infernal General;;;;;;;;
DCR;67;Vilepawn Archfiend;;;;;;;;
DCR;68;Shadowknight Archfiend;;;;;;;;
DCR;69;Darkbishop Archfiend;;;;;;;;
DCR;70;Desrook Archfiend;;;;;;;;
DCR;71;Infernalqueen Archfiend;;;;;;;;
DCR;72;Terrorking Archfiend;;;;;;;;
DCR;73;Skull Archfiend of Lightning;;;;;;;;
DCR;74;Metallizing Parasite - Lunatite;;;;;;;;
DCR;75;Tsukuyomi;;;;;;;;
DCR;76;Mudora;;;;;;;;
DCR;77;Keldo;;;;;;;;
DCR;78;Kelbek;;;;;;;;
DCR;79;Zolga;;;;;;;;
DCR;80;Agido;;;;;;;;
DCR;81;Legendary Flame Lord;;;;;;;;
DCR;82;Dark Master - Zorc;;;;;;;;
DCR;83;Spell Reproduction;;;;;;;;
DCR;84;Dragged Down into the Grave;;;;;;;;
DCR;85;Incandescent Ordeal;;;;;;;;
DCR;86;Contract with the Abyss;;;;;;;;
DCR;87;Contract with the Dark Master;;;;;;;;
DCR;88;Falling Down;;;;;;;;
DCR;89;Checkmate;;;;;;;;
DCR;90;Cestus of Dagla;;;;;;;;
DCR;91;Final Countdown;;;;;;;;
DCR;92;Archfiend's Oath;;;;;;;;
DCR;93;Mustering of the Dark Scorpions;;;;;;;;
DCR;94;Pandemonium;;;;;;;;
DCR;95;Altar for Tribute;;;;;;;;
DCR;96;Frozen Soul;;;;;;;;
DCR;97;Battle-Scarred;;;;;;;;
DCR;98;Dark Scorpion Combination;;;;;;;;
DCR;99;Archfiend's Roar;;;;;;;;
DCR;100;Dice Re-Roll;;;;;;;;
DCR;101;Spell Vanishing;;;;;;;;
DCR;102;Sakuretsu Armor;;;;;;;;
DCR;103;Ray of Hope;;;;;;;;
DCR;104;Blast Held by a Tribute;;;;;;;;
DCR;105;Judgment of Anubis;;;;;;;;
DOR;1;Alpha The Magnet Warrior;;;;;;;;
DOR;2;Beta The Magnet Warrior;;;;;;;;
DOR;3;Gamma The Magnet Warrior;;;;;;;;
DR2;5;Des Kangaroo;;;;;;;;
DR2;7;Strike Ninja;;;;;;;;
DR2;9;Spirit of the Pot of Greed;;;;;;;;
DR2;22;Silpheed;;;;;;;;
DR2;28;Lord Poison;;;;;;;;
DR2;33;Wild Nature's Release;;;;;;;;
DR2;35;Stumbling;;;;;;;;
DR2;41;Recycle;;;;;;;;
DR2;42;Primal Seed;;;;;;;;
DR2;43;Thunder Crash;;;;;;;;
DR2;44;Dimension Distortion;;;;;;;;
DR2;45;Reload;;;;;;;;
DR2;49;Cursed Seal of the Forbidden Spell;;;;;;;;
DR2;61;Terrorking Salmon;;;;;;;;
DR2;63;Burning Algae;;;;;;;;
DR2;64;The Thing in the Crater;;;;;;;;
DR2;69;Stealth Bird;;;;;;;;
DR2;75;Hyper Hammerhead;;;;;;;;
DR2;79;Pinch Hopper;;;;;;;;
DR2;85;Orca Mega-Fortress of Darkness;;;;;;;;
DR2;87;Mataza the Zapper;;;;;;;;
DR2;95;Dimension Fusion;;;;;;;;
DR2;96;Dedication through Light and Darkness;;;;;;;;
DR2;102;Destruction Ring;;;;;;;;
DR2;106;Self-Destruct Button;;;;;;;;
DR2;113;Gogiga Gagagigo;;;;;;;;
DR2;114;Warrior of Zera;;;;;;;;
DR2;115;Sealmaster Meisei;;;;;;;;
DR2;116;Mystical Shine Ball;;;;;;;;
DR2;117;Metal Armored Bug;;;;;;;;
DR2;118;The Agent of Judgment - Saturn;;;;;;;;
DR2;119;The Agent of Wisdom - Mercury;;;;;;;;
DR2;120;The Agent of Creation - Venus;;;;;;;;
DR2;121;The Agent of Force - Mars;;;;;;;;
DR2;122;The Unhappy Girl;;;;;;;;
DR2;123;Soul-Absorbing Bone Tower;;;;;;;;
DR2;124;The Kick Man;;;;;;;;
DR2;125;Vampire Lady;;;;;;;;
DR2;126;Stone Statue of the Aztecs;;;;;;;;
DR2;127;Rocket Jumper;;;;;;;;
DR2;128;Avatar of The Pot;;;;;;;;
DR2;129;Legendary Jujitsu Master;;;;;;;;
DR2;130;Gear Golem the Moving Fortress;;;;;;;;
DR2;131;KA-2 Des Scissors;;;;;;;;
DR2;132;Needle Burrower;;;;;;;;
DR2;133;Sonic Jammer;;;;;;;;
DR2;134;Blowback Dragon;;;;;;;;
DR2;135;Zaborg the Thunder Monarch;;;;;;;;
DR2;136;Atomic Firefly;;;;;;;;
DR2;137;Mermaid Knight;;;;;;;;
DR2;138;Piranha Army;;;;;;;;
DR2;139;Two Thousand Needles;;;;;;;;
DR2;140;Disc Fighter;;;;;;;;
DR2;141;Arcane Archer of the Forest;;;;;;;;
DR2;142;Lady Ninja Yae;;;;;;;;
DR2;143;Goblin King;;;;;;;;
DR2;144;Solar Flare Dragon;;;;;;;;
DR2;145;White Magician Pikeru;;;;;;;;
DR2;146;Archlord Zerato;;;;;;;;
DR2;147;Opti-Camouflage Armor;;;;;;;;
DR2;148;Mystik Wok;;;;;;;;
DR2;149;Enemy Controller;;;;;;;;
DR2;150;Burst Stream of Destruction;;;;;;;;
DR2;151;Monster Gate;;;;;;;;
DR2;152;Amplifier;;;;;;;;
DR2;153;Weapon Change;;;;;;;;
DR2;154;The Sanctuary in the Sky;;;;;;;;
DR2;155;Earthquake;;;;;;;;
DR2;156;Talisman of Trap Sealing;;;;;;;;
DR2;157;Goblin Thief;;;;;;;;
DR2;158;Backfire;;;;;;;;
DR2;159;Micro Ray;;;;;;;;
DR2;160;Light of Judgment;;;;;;;;
DR2;161;Talisman of Spell Sealing;;;;;;;;
DR2;162;Wall of Revealing Light;;;;;;;;
DR2;163;Solar Ray;;;;;;;;
DR2;164;Ninjitsu Art of Transformation;;;;;;;;
DR2;165;Beckoning Light;;;;;;;;
DR2;166;Draining Shield;;;;;;;;
DR2;167;Armor Break;;;;;;;;
DR2;168;Mazera DeVille;;;;;;;;
DR2;169;Gigobyte;;;;;;;;
DR2;170;Mokey Mokey;;;;;;;;
DR2;171;Kozaky;;;;;;;;
DR2;172;Fiend Scorpion;;;;;;;;
DR2;173;Pharaoh's Servant;;;;;;;;
DR2;174;Pharaonic Protector;;;;;;;;
DR2;175;Spirit of the Pharaoh;;;;;;;;
DR2;176;Theban Nightmare;;;;;;;;
DR2;177;Aswan Apparition;;;;;;;;
DR2;178;Protector of the Sanctuary;;;;;;;;
DR2;179;Nubian Guard;;;;;;;;
DR2;180;Legacy Hunter;;;;;;;;
DR2;181;Desertapir;;;;;;;;
DR2;182;Sand Gambler;;;;;;;;
DR2;183;3-Hump Lacooda;;;;;;;;
DR2;184;Ghost Knight of Jackal;;;;;;;;
DR2;185;Absorbing Kid from the Sky;;;;;;;;
DR2;186;Elephant Statue of Blessing;;;;;;;;
DR2;187;Elephant Statue of Disaster;;;;;;;;
DR2;188;Spirit Caller;;;;;;;;
DR2;189;Emissary of the Afterlife;;;;;;;;
DR2;190;Grave Protector;;;;;;;;
DR2;191;Double Coston;;;;;;;;
DR2;192;Regenerating Mummy;;;;;;;;
DR2;193;Night Assailant;;;;;;;;
DR2;194;Man-Thro' Tro';;;;;;;;
DR2;195;King of the Swamp;;;;;;;;
DR2;196;Emissary of the Oasis;;;;;;;;
DR2;197;Special Hurricane;;;;;;;;
DR2;198;Order to Charge;;;;;;;;
DR2;199;Sword of the Soul-Eater;;;;;;;;
DR2;200;Dust Barrier;;;;;;;;
DR2;201;Soul Reversal;;;;;;;;
DR2;202;Spell Economics;;;;;;;;
DR2;203;Blessings of the Nile;;;;;;;;
DR2;204;7;;;;;;;;
DR2;205;Level Limit - Area B;;;;;;;;
DR2;206;Enchanting Fitting Room;;;;;;;;
DR2;207;The Law of the Normal;;;;;;;;
DR2;208;Dark Magic Attack;;;;;;;;
DR2;209;Delta Attacker;;;;;;;;
DR2;210;Thousand Energy;;;;;;;;
DR2;211;Triangle Power;;;;;;;;
DR2;212;The Third Sarcophagus;;;;;;;;
DR2;213;The Second Sarcophagus;;;;;;;;
DR2;214;The First Sarcophagus;;;;;;;;
DR2;215;Dora of Fate;;;;;;;;
DR2;216;Judgment of the Desert;;;;;;;;
DR2;217;Human-Wave Tactics;;;;;;;;
DR2;218;Curse of Anubis;;;;;;;;
DR2;219;Desert Sunlight;;;;;;;;
DR2;220;Des Counterblow;;;;;;;;
DR2;221;Labyrinth of Nightmare;;;;;;;;
DR2;222;Soul Resurrection;;;;;;;;
DR2;223;Order to Smash;;;;;;;;
DR2;224;The End of Anubis;;;;;;;;
DR3;90;B.E.S. Big Core (as Big Core);;;;;;;;
DR3;145;Golem Sentry;;;;;;;;
DR3;181;Elemental HERO Avian (as Elemental Hero Avian);;;;;;;;
DR3;182;Elemental HERO Burstinatrix (as Elemental Hero Burstinatrix);;;;;;;;
DR3;183;Elemental HERO Clayman (as Elemental Hero Clayman);;;;;;;;
DR3;184;Elemental HERO Sparkman (as Elemental Hero Sparkman);;;;;;;;
DR3;185;Winged Kuriboh;;;;;;;;
DR3;186;Ancient Gear Golem;;;;;;;;
DR3;187;Ancient Gear Beast;;;;;;;;
DR3;188;Ancient Gear Soldier;;;;;;;;
DR3;189;Millennium Scorpion;;;;;;;;
DR3;190;Ultimate Insect LV7;;;;;;;;
DR3;191;Lost Guardian;;;;;;;;
DR3;192;Hieracosphinx;;;;;;;;
DR3;193;Criosphinx;;;;;;;;
DR3;194;Moai Interceptor Cannons;;;;;;;;
DR3;195;Megarock Dragon;;;;;;;;
DR3;196;Dummy Golem;;;;;;;;
DR3;197;Grave Ohja;;;;;;;;
DR3;198;Mine Golem;;;;;;;;
DR3;199;Monk Fighter;;;;;;;;
DR3;200;Master Monk;;;;;;;;
DR3;201;Guardian Statue;;;;;;;;
DR3;202;Medusa Worm;;;;;;;;
DR3;203;D.D. Survivor;;;;;;;;
DR3;204;Mid Shield Gardna;;;;;;;;
DR3;205;White Ninja;;;;;;;;
DR3;206;Aussa the Earth Charmer;;;;;;;;
DR3;207;Eria the Water Charmer;;;;;;;;
DR3;208;Hiita the Fire Charmer;;;;;;;;
DR3;209;Wynn the Wind Charmer;;;;;;;;
DR3;210;Batteryman AA;;;;;;;;
DR3;211;Des Wombat;;;;;;;;
DR3;212;King of the Skull Servants;;;;;;;;
DR3;213;Reshef the Dark Being;;;;;;;;
DR3;214;Elemental Mistress Doriado;;;;;;;;
DR3;215;Elemental HERO Flame Wingman (as Elemental Hero Flame Wingman);;;;;;;;
DR3;216;Elemental HERO Thunder Giant (as Elemental Hero Thunder Giant);;;;;;;;
DR3;218;Brain Control;;;;;;;;
DR3;219;Gift of the Martyr;;;;;;;;
DR3;220;Double Attack;;;;;;;;
DR3;221;Battery Charger;;;;;;;;
DR3;222;Kaminote Blow;;;;;;;;
DR3;223;Doriado's Blessing;;;;;;;;
DR3;224;Final Ritual of the Ancients;;;;;;;;
DR3;225;Legendary Black Belt;;;;;;;;
DR3;226;Nitro Unit;;;;;;;;
DR3;227;Shifting Shadows;;;;;;;;
DR3;228;Impenetrable Formation;;;;;;;;
DR3;229;Hero Signal;;;;;;;;
DR3;230;Pikeru's Second Sight;;;;;;;;
DR3;231;Minefield Eruption;;;;;;;;
DR3;232;Kozaky's Self-Destruct Button;;;;;;;;
DR3;233;Mispolymerization;;;;;;;;
DR3;234;Level Conversion Lab;;;;;;;;
DR3;235;Rock Bombardment;;;;;;;;
DR3;236;Grave Lure;;;;;;;;
DR3;237;Token Feastevil;;;;;;;;
DR3;238;Spell-Stopping Statute;;;;;;;;
DR3;239;Royal Surrender;;;;;;;;
DR3;240;Lone Wolf;;;;;;;;
EP1;1;Theinen the Great Sphinx;;;;;;;;
EP1;2;Andro Sphinx;;;;;;;;
EP1;3;Sphinx Teleia;;;;;;;;
EP1;4;Rare Metal Dragon;;;;;;;;
EP1;5;Peten the Dark Clown;;;;;;;;
EP1;6;Familiar Knight;;;;;;;;
EP1;7;Inferno Tempest;;;;;;;;
EP1;8;Return from the Different Dimension;;;;;;;;
FET;1;Space Mambo;;;;;;;;
FET;2;Divine Dragon Ragnarok;;;;;;;;
FET;3;Chu-Ske the Mouse Fighter;;;;;;;;
FET;4;Insect Knight;;;;;;;;
FET;5;Sacred Phoenix of Nephthys;;;;;;;;
FET;6;Hand of Nephthys;;;;;;;;
FET;7;Ultimate Insect LV5;;;;;;;;
FET;8;Silent Swordsman LV5;;;;;;;;
FET;9;Granmarg the Rock Monarch;;;;;;;;
FET;10;Element Valkyrie;;;;;;;;
FET;11;Element Doom;;;;;;;;
FET;12;Maji-Gire Panda;;;;;;;;
FET;13;Catnipped Kitty;;;;;;;;
FET;14;Behemoth the King of All Animals;;;;;;;;
FET;15;Big-Tusked Mammoth;;;;;;;;
FET;16;Kangaroo Champ;;;;;;;;
FET;17;Hyena;;;;;;;;
FET;18;Blade Rabbit;;;;;;;;
FET;19;Mecha-Dog Marron;;;;;;;;
FET;20;Blast Magician;;;;;;;;
FET;21;Chiron the Mage;;;;;;;;
FET;23;Armed Samurai - Ben Kei;;;;;;;;
FET;24;Shadowslayer;;;;;;;;
FET;26;Abare Ushioni;;;;;;;;
FET;27;The Light - Hex-Sealed Fusion;;;;;;;;
FET;28;The Dark - Hex-Sealed Fusion;;;;;;;;
FET;29;The Earth - Hex-Sealed Fusion;;;;;;;;
FET;30;Whirlwind Prodigy;;;;;;;;
FET;31;Flame Ruler;;;;;;;;
FET;32;Firebird;;;;;;;;
FET;33;Rescue Cat;;;;;;;;
FET;34;Brain Jacker;;;;;;;;
FET;36;King Dragun;;;;;;;;
FET;37;A Feather of the Phoenix;;;;;;;;
FET;38;Poison Fangs;;;;;;;;
FET;39;Spell Absorption;;;;;;;;
FET;40;Lightning Vortex;;;;;;;;
FET;42;Swords of Concealing Light;;;;;;;;
FET;43;Spiral Spear Strike;;;;;;;;
FET;45;Centrifugal Field;;;;;;;;
FET;46;Fulfillment of the Contract;;;;;;;;
FET;47;Re-Fusion;;;;;;;;
FET;48;The Big March of Animals;;;;;;;;
FET;49;Cross Counter;;;;;;;;
FET;50;Pole Position;;;;;;;;
FET;51;Penalty Game!;;;;;;;;
FET;52;Threatening Roar;;;;;;;;
FET;53;Phoenix Wing Wind Blast;;;;;;;;
FET;54;Good Goblin Housekeeping;;;;;;;;
FET;55;Beast Soul Swap;;;;;;;;
FET;56;Assault on GHQ;;;;;;;;
FET;57;D.D. Dynamite;;;;;;;;
FET;59;Elemental Burst;;;;;;;;
FET;60;Forced Ceasefire;;;;;;;;
IOC;0;Chaos Emperor Dragon - Envoy of the End;;;;;;;;
IOC;1;Ojama Yellow;;;;;;;;
IOC;2;Ojama Black;;;;;;;;
IOC;3;Soul Tiger;;;;;;;;
IOC;4;Big Koala;;;;;;;;
IOC;6;Crimson Ninja;;;;;;;;
IOC;8;Gale Lizard;;;;;;;;
IOC;10;Chopman the Desperate Outlaw;;;;;;;;
IOC;11;Sasuke Samurai #3;;;;;;;;
IOC;12;D.D. Scout Plane;;;;;;;;
IOC;13;Berserk Gorilla;;;;;;;;
IOC;14;Freed the Brave Wanderer;;;;;;;;
IOC;15;Coach Goblin;;;;;;;;
IOC;16;Witch Doctor of Chaos;;;;;;;;
IOC;17;Chaos Necromancer;;;;;;;;
IOC;18;Chaosrider Gustaph;;;;;;;;
IOC;19;Inferno;;;;;;;;
IOC;20;Fenrir;;;;;;;;
IOC;21;Gigantes;;;;;;;;
IOC;23;Chaos Sorcerer;;;;;;;;
IOC;24;Gren Maju Da Eiza;;;;;;;;
IOC;25;Black Luster Soldier - Envoy of the Beginning;;;;;;;;
IOC;26;Drillago;;;;;;;;
IOC;27;Lekunga;;;;;;;;
IOC;29;Bowganian;;;;;;;;
IOC;30;Granadora;;;;;;;;
IOC;31;Fuhma Shuriken;;;;;;;;
IOC;32;Heart of the Underdog;;;;;;;;
IOC;34;Ojama Delta Hurricane!!;;;;;;;;
IOC;36;Chaos End;;;;;;;;
IOC;37;Yellow Luster Shield;;;;;;;;
IOC;38;Chaos Greed;;;;;;;;
IOC;39;D.D. Designator;;;;;;;;
IOC;40;D.D. Borderline;;;;;;;;
IOC;46;Soul Absorption;;;;;;;;
IOC;47;Big Burn;;;;;;;;
IOC;48;Blasting the Ruins;;;;;;;;
IOC;50;Tower of Babel;;;;;;;;
IOC;51;Spatial Collapse;;;;;;;;
IOC;52;Chain Disappearance;;;;;;;;
IOC;53;Zero Gravity;;;;;;;;
IOC;54;Dark Mirror Force;;;;;;;;
IOC;55;Energy Drain;;;;;;;;
IOC;56;Giga Gagagigo;;;;;;;;
IOC;57;Mad Dog of Darkness;;;;;;;;
IOC;58;Neo Bug;;;;;;;;
IOC;59;Sea Serpent Warrior of Darkness;;;;;;;;
IOC;61;Blazing Inpachi;;;;;;;;
IOC;64;Molten Zombie;;;;;;;;
IOC;65;Dark Magician of Chaos;;;;;;;;
IOC;66;Gora Turtle of Illusion;;;;;;;;
IOC;67;Manticore of Darkness;;;;;;;;
IOC;69;Sacred Crane;;;;;;;;
IOC;70;Enraged Battle Ox;;;;;;;;
IOC;71;Don Turtle;;;;;;;;
IOC;72;Balloon Lizard;;;;;;;;
IOC;73;Dark Driceratops;;;;;;;;
IOC;75;Black Tyranno;;;;;;;;
IOC;76;Anti-Aircraft Flower;;;;;;;;
IOC;77;Prickle Fairy;;;;;;;;
IOC;80;Insect Princess;;;;;;;;
IOC;81;Amphibious Bugroth MK-3;;;;;;;;
IOC;82;Torpedo Fish;;;;;;;;
IOC;83;Levia-Dragon - Daedalus;;;;;;;;
IOC;85;Cannonball Spear Shellfish;;;;;;;;
IOC;87;Guardian Angel Joan;;;;;;;;
IOC;88;Manju of the Ten Thousand Hands;;;;;;;;
IOC;89;Getsu Fuhma;;;;;;;;
IOC;90;Ryu Kokki;;;;;;;;
IOC;91;Gryphon's Feather Duster;;;;;;;;
IOC;92;Stray Lambs;;;;;;;;
IOC;93;Smashing Ground;;;;;;;;
IOC;96;Salvage;;;;;;;;
IOC;97;Ultra Evolution Pill;;;;;;;;
IOC;98;Multiplication of Ants;;;;;;;;
IOC;99;Earth Chant;;;;;;;;
IOC;100;Jade Insect Whistle;;;;;;;;
IOC;102;Fiend's Hand Mirror;;;;;;;;
IOC;103;Compulsory Evacuation Device;;;;;;;;
IOC;104;A Hero Emerges;;;;;;;;
IOC;106;Curse of Darkness;;;;;;;;
IOC;107;Begone, Knave!;;;;;;;;
IOC;108;DNA Transplant;;;;;;;;
IOC;109;Robbin' Zombie;;;;;;;;
IOC;110;Trap Jammer;;;;;;;;
IOC;111;Invader of Darkness;;;;;;;;
JUMP;6;Unity;;;;;;;;
JUMP;7;Yu-Jo Friendship;;;;;;;;
JUMP;8;Judgment of Pharaoh (as Judgment of the Pharaoh);;;;;;;;
JUSH;1;Dracotail Lukias;;;;;;;;
JUSH;2;Dracotail Faimena;;;;;;;;
JUSH;3;Dracotail Pan;;;;;;;;
JUSH;4;Dracotail Urgula;;;;;;;;
JUSH;5;Dracotail Mululu;;;;;;;;
JUSH;6;Dracotail Arthalion;;;;;;;;
JUSH;7;Dracotail Gulamel;;;;;;;;
JUSH;8;Ketu Dracotail;;;;;;;;
JUSH;9;Rahu Dracotail;;;;;;;;
JUSH;10;Dracotail Horn;;;;;;;;
JUSH;11;Dracotail Flame;;;;;;;;
JUSH;12;Edge Imp Chain;;;;;;;;
JUSH;13;Mysterion the Dragon Crown;;;;;;;;
JUSH;15;Frightfur Patchwork;;;;;;;;
JUSH;16;Cupsy?Yummy;;;;;;;;
JUSH;17;Cooky?Yummy;;;;;;;;
JUSH;18;Lollipo?Yummy;;;;;;;;
JUSH;19;Cupsy?Yummy Way;;;;;;;;
JUSH;20;Cooky?Yummy Way;;;;;;;;
JUSH;21;Lollipo?Yummy Way;;;;;;;;
JUSH;22;Yummy?Snatchy;;;;;;;;
JUSH;23;Yummyusment?Mignon;;;;;;;;
JUSH;24;Yummyusment?Acroquey;;;;;;;;
JUSH;25;Yummy?Surprise;;;;;;;;
JUSH;26;Yummy?Redemption;;;;;;;;
JUSH;27;Gravity Controller;;;;;;;;
JUSH;28;Where Arf Thou?;;;;;;;;
JUSH;29;Obedience Schooled;;;;;;;;
JUSH;30;Piri Reis Map;;;;;;;;
JUSH;31;K9-17 Izuna;;;;;;;;
JUSH;32;K9-66a Jokul;;;;;;;;
JUSH;33;K9-66b Lantern;;;;;;;;
JUSH;34;K9-ŘŘ Lupis;;;;;;;;
JUSH;35;K9-17 Ripper;;;;;;;;
JUSH;36;K9-ŘŘ Hound;;;;;;;;
JUSH;37;K9-X Werewolf;;;;;;;;
JUSH;38;K9-LC Release Restraint;;;;;;;;
JUSH;39;K9-X Forced Release;;;;;;;;
JUSH;40;A Case for K9;;;;;;;;
JUSH;41;K9-EW Special Release Experiment;;;;;;;;
JUSH;42;Overlay Booster;;;;;;;;
JUSH;43;Number 61: Volcasaurus;;;;;;;;
JUSH;44;Chronomaly Vimana;;;;;;;;
JUSH;45;Imperial Princess Quinquery;;;;;;;;
JUSH;48;Cross-Sheep;;;;;;;;
JUSH;49;Kinka-byo;;;;;;;;
JUSH;50;Behemoth the King of a Hundred Battles;;;;;;;;
JUSH;51;Herald of the Arc Light;;;;;;;;
JUSH;52;Martial Metal Marcher;;;;;;;;
JUSH;53;Sky Striker Mecha - Hornet Drones;;;;;;;;
JUSH;54;Jack-In-The-Hand;;;;;;;;
JUSH;55;Super Rush Recklessly;;;;;;;;
JUSH;56;Number C102: Archfiend Seraph;;;;;;;;
JUSH;57;Artifact Durendal;;;;;;;;
JUSH;58;Number 67: Pair-a-Dice Smasher;;;;;;;;
JUSH;59;N.As.H. Knight;;;;;;;;
JUSH;60;CXyz N.As.Ch. Knight;;;;;;;;
LCJW;7;Axe Raider;;;;;;;;
LCJW;8;Tiger Axe;;;;;;;;
LCJW;9;Garoozis;;;;;;;;
LCJW;11;Cyber-Tech Alligator;;;;;;;;
LCJW;12;Alligator's Sword;;;;;;;;
LCJW;13;Meotoko;;;;;;;;
LCJW;14;Kageningen;;;;;;;;
LCJW;15;Stone Armadiller;;;;;;;;
LCJW;16;Anthrosaurus;;;;;;;;
LCJW;17;Skull Stalker;;;;;;;;
LCJW;18;Wolf;;;;;;;;
LCJW;19;Hero of the East;;;;;;;;
LCJW;31;Red-Eyes Black Metal Dragon;;;;;;;;
LCJW;37;Insect Queen;;;;;;;;
LCJW;38;Black Dragon's Chick;;;;;;;;
LCJW;39;Red-Eyes Darkness Dragon;;;;;;;;
LCJW;40;Gearfried the Swordmaster;;;;;;;;
LCJW;41;Gilford the Lightning;;;;;;;;
LCJW;42;Rocket Warrior;;;;;;;;
LCJW;43;Panther Warrior;;;;;;;;
LCJW;44;Gilford the Legend;;;;;;;;
LCJW;45;Copycat;;;;;;;;
LCJW;46;Divine Knight Ishzark;;;;;;;;
LCJW;47;Maximum Six;;;;;;;;
LCJW;48;Comrade Swordsman of Landstar;;;;;;;;
LCJW;49;Red-Eyes Wyvern;;;;;;;;
LCJW;50;Red-Eyes Darkness Metal Dragon;;;;;;;;
LCJW;51;Phoenix Gearfried;;;;;;;;
LCJW;52;Lightray Gearfried;;;;;;;;
LCJW;56;Alligator's Sword Dragon;;;;;;;;
LCJW;62;Salamandra;;;;;;;;
LCJW;63;Giant Trunade;;;;;;;;
LCJW;65;Graceful Dice;;;;;;;;
LCJW;66;Scapegoat;;;;;;;;
LCJW;68;Meteor of Destruction;;;;;;;;
LCJW;69;Release Restraint;;;;;;;;
LCJW;70;Foolish Burial;;;;;;;;
LCJW;71;Silent Doom;;;;;;;;
LCJW;72;Dangerous Machine Type-6;;;;;;;;
LCJW;74;Skull Dice;;;;;;;;
LCJW;75;Metalmorph;;;;;;;;
LCJW;80;Magical Arm Shield;;;;;;;;
LCJW;81;Kunai with Chain;;;;;;;;
LCJW;84;Dunames Dark Witch;;;;;;;;
LCJW;86;Harpie's Pet Dragon;;;;;;;;
LCJW;93;Harpie's Pet Baby Dragon;;;;;;;;
LCJW;94;Harpie Queen;;;;;;;;
LCJW;95;Amazoness Scouts;;;;;;;;
LCJW;96;Cyber Harpie Lady;;;;;;;;
LCJW;97;Harpie Dancer;;;;;;;;
LCJW;99;Harpie's Feather Duster;;;;;;;;
LCJW;104;Amazoness Village;;;;;;;;
LCJW;105;Cyber Shield;;;;;;;;
LCJW;112;Hysteric Party;;;;;;;;
LCJW;121;Makyura the Destructor;;;;;;;;
LCJW;122;Legendary Fiend;;;;;;;;
LCJW;126;Card of Sanctity;;;;;;;;
LCJW;127;Magical Stone Excavation;;;;;;;;
LCJW;128;Spell of Pain;;;;;;;;
LCJW;136;Malevolent Catastrophe;;;;;;;;
LCJW;137;Relieve Monster;;;;;;;;
LCJW;138;Metal Reflect Slime;;;;;;;;
LCJW;140;Two-Headed King Rex;;;;;;;;
LCJW;141;Crawling Dragon #2;;;;;;;;
LCJW;143;Sabersaurus;;;;;;;;
LCJW;144;Tomozaurus;;;;;;;;
LCJW;145;Little D;;;;;;;;
LCJW;146;Sword Arm of Dragon;;;;;;;;
LCJW;147;Megazowler;;;;;;;;
LCJW;153;Tyranno Infinity;;;;;;;;
LCJW;154;Black Ptera;;;;;;;;
LCJW;155;Black Stego;;;;;;;;
LCJW;156;Miracle Jurassic Egg;;;;;;;;
LCJW;157;Babycerasaurus;;;;;;;;
LCJW;158;Destroyersaurus;;;;;;;;
LCJW;159;Bracchio-raidus;;;;;;;;
LCJW;161;Big Evolution Pill;;;;;;;;
LCJW;162;Tail Swipe;;;;;;;;
LCJW;163;Jurassic World;;;;;;;;
LCJW;164;Fossil Dig;;;;;;;;
LCJW;165;Fossil Excavation;;;;;;;;
LCJW;166;Hunting Instinct;;;;;;;;
LCJW;167;Survival Instinct;;;;;;;;
LCJW;168;Volcanic Eruption;;;;;;;;
LCJW;169;Seismic Shockwave;;;;;;;;
LCJW;170;Seiyaryu;;;;;;;;
LCJW;173;Zoa;;;;;;;;
LCJW;174;Ancient Tool;;;;;;;;
LCJW;175;Giganto;;;;;;;;
LCJW;176;Sword Slasher;;;;;;;;
LCJW;178;Metalzoa;;;;;;;;
LCJW;179;Machine King;;;;;;;;
LCJW;180;Blast Sphere;;;;;;;;
LCJW;181;Fiendish Engine ?;;;;;;;;
LCJW;185;The Snake Hair;;;;;;;;
LCJW;198;Vampire Genesis;;;;;;;;
LCJW;199;Reborn Zombie;;;;;;;;
LCJW;200;Plague Wolf;;;;;;;;
LCJW;201;Return Zombie;;;;;;;;
LCJW;202;Zombie Master;;;;;;;;
LCJW;203;Il Blud;;;;;;;;
LCJW;204;Vampire's Curse;;;;;;;;
LCJW;205;Goblin Zombie;;;;;;;;
LCJW;206;Red-Eyes Zombie Dragon;;;;;;;;
LCJW;207;Malevolent Mech - Goku En;;;;;;;;
LCJW;208;Paladin of the Cursed Dragon;;;;;;;;
LCJW;209;Skull Conductor;;;;;;;;
LCJW;210;Great Mammoth of Goldfine;;;;;;;;
LCJW;213;Zombie World;;;;;;;;
LCJW;214;Everliving Underworld Cannon;;;;;;;;
LCJW;215;Pyramid of Wonders;;;;;;;;
LCJW;216;Overpowering Eye;;;;;;;;
LCJW;219;Trap of the Imperial Tomb;;;;;;;;
LCJW;222;Monster Tamer;;;;;;;;
LCJW;234;Riryoku;;;;;;;;
LCJW;242;Beiige, Vanguard of Dark World;;;;;;;;
LCJW;243;Broww, Huntsman of Dark World;;;;;;;;
LCJW;244;Brron, Mad King of Dark World;;;;;;;;
LCJW;245;Sillva, Warlord of Dark World;;;;;;;;
LCJW;246;Goldd, Wu-Lord of Dark World;;;;;;;;
LCJW;247;Scarr, Scout of Dark World;;;;;;;;
LCJW;248;Snoww, Unlight of Dark World;;;;;;;;
LCJW;249;Dark World Lightning;;;;;;;;
LCJW;250;Gateway to Dark World;;;;;;;;
LCJW;251;Dark World Dealings;;;;;;;;
LCJW;252;Dark World Grimoire;;;;;;;;
LCJW;253;The Gates of Dark World;;;;;;;;
LCJW;254;The Forces of Darkness;;;;;;;;
LCJW;258;Gravekeeper's Priestess;;;;;;;;
LCJW;259;Gravekeeper's Visionary;;;;;;;;
LCJW;261;Gravekeeper's Stele;;;;;;;;
LCJW;265;Snipe Hunter;;;;;;;;
LCJW;266;Twin-Barrel Dragon;;;;;;;;
LCJW;267;Gatling Dragon;;;;;;;;
LCJW;272;Dice Try!;;;;;;;;
LCJW;273;Sixth Sense;;;;;;;;
LCJW;275;D.D. Trap Hole;;;;;;;;
LCJW;276;Giant Trap Hole;;;;;;;;
LCJW;277;Treacherous Trap Hole;;;;;;;;
LCJW;278;Chaos Trap Hole;;;;;;;;
LCJW;290;Pot of Avarice;;;;;;;;
LCJW;291;Trade-In;;;;;;;;
LCJW;296;Spirit Barrier;;;;;;;;
LCJW;297;Black Horn of Heaven;;;;;;;;
LCJW;298;Imperial Iron Wall;;;;;;;;
LCKC;1;Blue-Eyes White Dragon (four unique artworks);;;;;;;;
LCKC;3;Vorse Raider;;;;;;;;
LCKC;8;Blue-Eyes Shining Dragon;;;;;;;;
LCKC;9;Kaibaman;;;;;;;;
LCKC;10;The White Stone of Legend;;;;;;;;
LCKC;11;The White Stone of Ancients;;;;;;;;
LCKC;12;Maiden with Eyes of Blue;;;;;;;;
LCKC;13;Protector with Eyes of Blue;;;;;;;;
LCKC;14;Master with Eyes of Blue;;;;;;;;
LCKC;15;Sage with Eyes of Blue;;;;;;;;
LCKC;16;Priestess with Eyes of Blue;;;;;;;;
LCKC;17;Rider of the Storm Winds;;;;;;;;
LCKC;18;Dragon Spirit of White;;;;;;;;
LCKC;19;A-Assault Core;;;;;;;;
LCKC;20;B-Buster Drake;;;;;;;;
LCKC;21;C-Crush Wyvern;;;;;;;;
LCKC;23;Heavy Mech Support Armor;;;;;;;;
LCKC;28;The Melody of Awakening Dragon;;;;;;;;
LCKC;29;Card of Demise;;;;;;;;
LCKC;30;Fiend's Sanctuary;;;;;;;;
LCKC;31;Majesty with Eyes of Blue;;;;;;;;
LCKC;33;Ring of Defense;;;;;;;;
LCKC;34;Silver's Cry;;;;;;;;
LCKC;35;Beacon of White;;;;;;;;
LCKC;36;Mausoleum of White;;;;;;;;
LCKC;37;The Fang of Critias;;;;;;;;
LCKC;39;Ancient Rules;;;;;;;;
LCKC;41;Neutron Blast;;;;;;;;
LCKC;42;Lullaby of Obedience;;;;;;;;
LCKC;43;Shrink;;;;;;;;
LCKC;46;Crush Card Virus (two unique artworks);;;;;;;;
LCKC;47;Deck Devastation Virus;;;;;;;;
LCKC;48;Eradicator Epidemic Virus;;;;;;;;
LCKC;49;Full Force Virus;;;;;;;;
LCKC;51;Castle of Dragon Souls;;;;;;;;
LCKC;54;Tyrant Wing;;;;;;;;
LCKC;55;Cloning;;;;;;;;
LCKC;56;Virus Cannon;;;;;;;;
LCKC;57;Blue-Eyes Ultimate Dragon;;;;;;;;
LCKC;58;Blue-Eyes Twin Burst Dragon;;;;;;;;
LCKC;59;ABC-Dragon Buster;;;;;;;;
LCKC;60;VW-Tiger Catapult;;;;;;;;
LCKC;62;Mirror Force Dragon;;;;;;;;
LCKC;63;Tyrant Burst Dragon;;;;;;;;
LCKC;64;Doom Virus Dragon;;;;;;;;
LCKC;65;Dragon Master Knight;;;;;;;;
LCKC;66;Azure-Eyes Silver Dragon;;;;;;;;
LCKC;68;Dark Armed Dragon;;;;;;;;
LCKC;69;Tiger Dragon;;;;;;;;
LCKC;70;Ancient Fairy Dragon;;;;;;;;
LCKC;71;Beelze of the Diabolic Dragons;;;;;;;;
LCKC;72;Dragon Ravine;;;;;;;;
LCKC;73;Dragonic Tactics;;;;;;;;
LCKC;74;Return of the Dragon Lords;;;;;;;;
LCKC;75;Dragon Shrine;;;;;;;;
LCKC;77;Droll & Lock Bird;;;;;;;;
LCKC;78;Ghost Ogre & Snow Rabbit;;;;;;;;
LCKC;79;Ghost Reaper & Winter Cherries;;;;;;;;
LCKC;80;Ash Blossom & Joyous Spring;;;;;;;;
LCKC;81;D.D. Crow;;;;;;;;
LCKC;82;V-Tiger Jet;;;;;;;;
LCKC;83;W-Wing Catapult;;;;;;;;
LCKC;84;Dragunity Dux;;;;;;;;
LCKC;85;Dragunity Legionnaire;;;;;;;;
LCKC;86;Dragunity Phalanx;;;;;;;;
LCKC;87;Number S39: Utopia the Lightning;;;;;;;;
LCKC;89;Fusion Sage;;;;;;;;
LCKC;91;Double Summon;;;;;;;;
LCKC;92;Cards of Consonance;;;;;;;;
LCKC;93;The Monarchs Stormforth;;;;;;;;
LCKC;95;Fiendish Chain;;;;;;;;
LCKC;96;Parrot Dragon;;;;;;;;
LCKC;97;Giant Red Seasnake;;;;;;;;
LCKC;98;Mikazukinoyaiba;;;;;;;;
LCKC;99;Warrior Elimination;;;;;;;;
LCKC;100;Exile of the Wicked;;;;;;;;
LCKC;102;White Hole;;;;;;;;
LCKC;103;Call of the Grave;;;;;;;;
LCKC;104;Anti Raigeki;;;;;;;;
LCKC;106;Goddess of Sweet Revenge;;;;;;;;
LCKC;107;The King of D.;;;;;;;;
LCKC;108;Destruction Dragon;;;;;;;;
LCKC;109;Dragon Revival Rhapsody;;;;;;;;
LCKC;110;Loop of Destruction;;;;;;;;
LOB;0;Tri-Horned Dragon;;;;;;;;
LOB;1;Blue-Eyes White Dragon;;;;;;;;
LOB;2;Hitotsu-Me Giant;;;;;;;;
LOB;3;Flame Swordsman;;;;;;;;
LOB;4;Skull Servant;;;;;;;;
LOB;5;Dark Magician;;;;;;;;
LOB;6;Gaia The Fierce Knight;;;;;;;;
LOB;7;Celtic Guardian;;;;;;;;
LOB;8;Basic Insect;;;;;;;;
LOB;9;Mammoth Graveyard;;;;;;;;
LOB;10;Silver Fang;;;;;;;;
LOB;11;Dark Gray;;;;;;;;
LOB;12;Trial of Nightmare;;;;;;;;
LOB;13;Nemuriko;;;;;;;;
LOB;14;The 13th Grave;;;;;;;;
LOB;15;Charubin the Fire Knight;;;;;;;;
LOB;16;Flame Manipulator;;;;;;;;
LOB;17;Monster Egg;;;;;;;;
LOB;18;Firegrass;;;;;;;;
LOB;19;Darkfire Dragon;;;;;;;;
LOB;20;Dark King of the Abyss;;;;;;;;
LOB;21;Fiend Reflection #2;;;;;;;;
LOB;22;Fusionist;;;;;;;;
LOB;23;Turtle Tiger;;;;;;;;
LOB;24;Petit Dragon;;;;;;;;
LOB;25;Petit Angel;;;;;;;;
LOB;26;Hinotama Soul;;;;;;;;
LOB;27;Aqua Madoor;;;;;;;;
LOB;28;Kagemusha of the Blue Flame;;;;;;;;
LOB;29;Flame Ghost;;;;;;;;
LOB;30;Two-Mouth Darkruler;;;;;;;;
LOB;31;Dissolverock;;;;;;;;
LOB;32;Root Water;;;;;;;;
LOB;33;The Furious Sea King;;;;;;;;
LOB;34;Green Phantom King;;;;;;;;
LOB;35;Ray & Temperature;;;;;;;;
LOB;36;King Fog;;;;;;;;
LOB;37;Mystical Sheep #2;;;;;;;;
LOB;38;Masaki the Legendary Swordsman;;;;;;;;
LOB;39;Kurama;;;;;;;;
LOB;40;Legendary Sword;;;;;;;;
LOB;41;Beast Fangs;;;;;;;;
LOB;42;Violet Crystal;;;;;;;;
LOB;43;Book of Secret Arts;;;;;;;;
LOB;44;Power of Kaishin;;;;;;;;
LOB;45;Dragon Capture Jar;;;;;;;;
LOB;46;Forest;;;;;;;;
LOB;47;Wasteland;;;;;;;;
LOB;48;Mountain;;;;;;;;
LOB;49;Sogen;;;;;;;;
LOB;50;Umi;;;;;;;;
LOB;51;Yami;;;;;;;;
LOB;52;Dark Hole;;;;;;;;
LOB;53;Raigeki;;;;;;;;
LOB;54;Red Medicine;;;;;;;;
LOB;55;Sparks;;;;;;;;
LOB;56;Hinotama;;;;;;;;
LOB;57;Fissure;;;;;;;;
LOB;58;Trap Hole;;;;;;;;
LOB;59;Polymerization;;;;;;;;
LOB;60;Remove Trap;;;;;;;;
LOB;61;Two-Pronged Attack;;;;;;;;
LOB;62;Mystical Elf;;;;;;;;
LOB;63;Tyhone;;;;;;;;
LOB;64;Beaver Warrior;;;;;;;;
LOB;65;Gravedigger Ghoul;;;;;;;;
LOB;66;Curse of Dragon;;;;;;;;
LOB;67;Karbonala Warrior;;;;;;;;
LOB;68;Giant Soldier of Stone;;;;;;;;
LOB;69;Uraby;;;;;;;;
LOB;70;Red-Eyes Black Dragon (as Red-Eyes B. Dragon);;;;;;;;
LOB;71;Reaper of the Cards;;;;;;;;
LOB;72;Witty Phantom;;;;;;;;
LOB;73;Larvas;;;;;;;;
LOB;74;Hard Armor;;;;;;;;
LOB;75;Man Eater;;;;;;;;
LOB;76;M-Warrior #1;;;;;;;;
LOB;77;M-Warrior #2;;;;;;;;
LOB;78;Spirit of the Harp;;;;;;;;
LOB;79;Armaill;;;;;;;;
LOB;80;Terra the Terrible;;;;;;;;
LOB;81;Frenzied Panda;;;;;;;;
LOB;82;Kumootoko;;;;;;;;
LOB;83;Meda Bat;;;;;;;;
LOB;84;Enchanting Mermaid;;;;;;;;
LOB;85;Fireyarou;;;;;;;;
LOB;86;Dragoness the Wicked Knight;;;;;;;;
LOB;87;One-Eyed Shield Dragon;;;;;;;;
LOB;88;Dark Energy;;;;;;;;
LOB;89;Laser Cannon Armor;;;;;;;;
LOB;90;Vile Germs;;;;;;;;
LOB;91;Silver Bow and Arrow;;;;;;;;
LOB;92;Dragon Treasure;;;;;;;;
LOB;93;Electro-Whip;;;;;;;;
LOB;94;Mystical Moon;;;;;;;;
LOB;95;Stop Defense;;;;;;;;
LOB;96;Machine Conversion Factory;;;;;;;;
LOB;97;Raise Body Heat;;;;;;;;
LOB;98;Follow Wind;;;;;;;;
LOB;99;Goblin's Secret Remedy;;;;;;;;
LOB;100;Final Flame;;;;;;;;
LOB;101;Swords of Revealing Light;;;;;;;;
LOB;102;Metal Dragon;;;;;;;;
LOB;103;Spike Seadra;;;;;;;;
LOB;104;Tripwire Beast;;;;;;;;
LOB;105;Skull Red Bird;;;;;;;;
LOB;106;Armed Ninja;;;;;;;;
LOB;107;Flower Wolf;;;;;;;;
LOB;108;Man-Eater Bug;;;;;;;;
LOB;109;Sand Stone;;;;;;;;
LOB;110;Hane-Hane;;;;;;;;
LOB;111;Misairuzame;;;;;;;;
LOB;112;Steel Ogre Grotto #1;;;;;;;;
LOB;113;Lesser Dragon;;;;;;;;
LOB;114;Darkworld Thorns;;;;;;;;
LOB;115;Drooling Lizard;;;;;;;;
LOB;116;Armored Starfish;;;;;;;;
LOB;117;Succubus Knight;;;;;;;;
LOB;118;Monster Reborn;;;;;;;;
LOB;119;Pot of Greed;;;;;;;;
LOB;120;Right Leg of the Forbidden One;;;;;;;;
LOB;121;Left Leg of the Forbidden One;;;;;;;;
LOB;122;Right Arm of the Forbidden One;;;;;;;;
LOB;123;Left Arm of the Forbidden One;;;;;;;;
LOB;124;Exodia the Forbidden One;;;;;;;;
LOB;125;Gaia the Dragon Champion;;;;;;;;
LOD;0;Yata-Garasu;;;;;;;;
LOD;1;Dark Ruler Ha Des;;;;;;;;
LOD;2;Dark Balter the Terrible;;;;;;;;
LOD;3;Lesser Fiend;;;;;;;;
LOD;4;Possessed Dark Soul;;;;;;;;
LOD;5;Winged Minion;;;;;;;;
LOD;6;Skull Knight #2;;;;;;;;
LOD;7;Ryu-Kishin Clown;;;;;;;;
LOD;8;Twin-Headed Wolf;;;;;;;;
LOD;9;Opticlops;;;;;;;;
LOD;10;Bark of Dark Ruler;;;;;;;;
LOD;11;Fatal Abacus;;;;;;;;
LOD;12;Life Absorbing Machine;;;;;;;;
LOD;13;The Puppet Magic of Dark Ruler;;;;;;;;
LOD;14;Soul Demolition;;;;;;;;
LOD;15;Double Snare;;;;;;;;
LOD;16;Freed the Matchless General;;;;;;;;
LOD;17;Throwstone Unit;;;;;;;;
LOD;18;Marauding Captain;;;;;;;;
LOD;19;Ryu Senshi;;;;;;;;
LOD;20;Warrior Dai Grepher;;;;;;;;
LOD;21;Mysterious Guard;;;;;;;;
LOD;22;Frontier Wiseman;;;;;;;;
LOD;23;Exiled Force;;;;;;;;
LOD;24;The Hunter with 7 Weapons;;;;;;;;
LOD;25;Shadow Tamer;;;;;;;;
LOD;26;Dragon Manipulator;;;;;;;;
LOD;27;The A. Forces;;;;;;;;
LOD;28;Reinforcement of the Army;;;;;;;;
LOD;29;Array of Revealing Light;;;;;;;;
LOD;30;The Warrior Returning Alive;;;;;;;;
LOD;31;Ready for Intercepting;;;;;;;;
LOD;32;A Feint Plan;;;;;;;;
LOD;33;Emergency Provisions;;;;;;;;
LOD;34;Tyrant Dragon;;;;;;;;
LOD;35;Spear Dragon;;;;;;;;
LOD;36;Spirit Ryu;;;;;;;;
LOD;37;The Dragon Dwelling in the Cave;;;;;;;;
LOD;38;Lizard Soldier;;;;;;;;
LOD;39;Fiend Skull Dragon;;;;;;;;
LOD;40;Cave Dragon;;;;;;;;
LOD;41;Gray Wing;;;;;;;;
LOD;42;Troop Dragon;;;;;;;;
LOD;43;The Dragon's Bead;;;;;;;;
LOD;44;A Wingbeat of Giant Dragon;;;;;;;;
LOD;45;Dragon's Gunfire;;;;;;;;
LOD;46;Stamping Destruction;;;;;;;;
LOD;47;Super Rejuvenation;;;;;;;;
LOD;48;Dragon's Rage;;;;;;;;
LOD;49;Burst Breath;;;;;;;;
LOD;50;Luster Dragon #2 (as Luster Dragon);;;;;;;;
LOD;51;Robotic Knight;;;;;;;;
LOD;52;Wolf Axwielder;;;;;;;;
LOD;53;The Illusory Gentleman;;;;;;;;
LOD;54;Robolady;;;;;;;;
LOD;55;Roboyarou;;;;;;;;
LOD;56;Fiber Jar;;;;;;;;
LOD;57;Serpentine Princess;;;;;;;;
LOD;58;Patrician of Darkness;;;;;;;;
LOD;59;Thunder Nyan Nyan;;;;;;;;
LOD;60;Gradius' Option (as Gradius's Option);;;;;;;;
LOD;61;Woodland Sprite;;;;;;;;
LOD;62;Airknight Parshath;;;;;;;;
LOD;63;Twin-Headed Behemoth;;;;;;;;
LOD;64;Maharaghi;;;;;;;;
LOD;65;Inaba White Rabbit;;;;;;;;
LOD;66;Susa Soldier;;;;;;;;
LOD;67;Yamata Dragon;;;;;;;;
LOD;68;Great Long Nose;;;;;;;;
LOD;69;Otohime;;;;;;;;
LOD;70;Hino-Kagu-Tsuchi;;;;;;;;
LOD;71;Asura Priest;;;;;;;;
LOD;72;Fushi No Tori;;;;;;;;
LOD;73;Super Robolady;;;;;;;;
LOD;74;Super Roboyarou;;;;;;;;
LOD;75;Fengsheng Mirror;;;;;;;;
LOD;76;Spring of Rebirth;;;;;;;;
LOD;77;Heart of Clear Water;;;;;;;;
LOD;78;A Legendary Ocean;;;;;;;;
LOD;79;Fusion Sword Murasame Blade;;;;;;;;
LOD;80;Smoke Grenade of the Thief;;;;;;;;
LOD;81;Creature Swap;;;;;;;;
LOD;82;Spiritual Energy Settle Machine;;;;;;;;
LOD;83;Second Coin Toss;;;;;;;;
LOD;84;Convulsion of Nature;;;;;;;;
LOD;85;The Secret of the Bandit;;;;;;;;
LOD;86;After the Struggle (as After Genocide);;;;;;;;
LOD;87;Magic Reflector;;;;;;;;
LOD;88;Blast with Chain;;;;;;;;
LOD;89;Disappear;;;;;;;;
LOD;90;Bubble Crash;;;;;;;;
LOD;91;Royal Oppression;;;;;;;;
LOD;92;Bottomless Trap Hole;;;;;;;;
LOD;93;Bad Reaction to Simochi;;;;;;;;
LOD;94;Ominous Fortunetelling;;;;;;;;
LOD;95;Spirit's Invitation;;;;;;;;
LOD;96;Nutrient Z;;;;;;;;
LOD;97;Drop Off;;;;;;;;
LOD;98;Fiend Comedian;;;;;;;;
LOD;99;Last Turn;;;;;;;;
LOD;100;Injection Fairy Lily;;;;;;;;
LON;0;Gemini Elf;;;;;;;;
LON;1;The Masked Beast;;;;;;;;
LON;2;Swordsman of Landstar;;;;;;;;
LON;3;Humanoid Slime;;;;;;;;
LON;4;Worm Drake;;;;;;;;
LON;5;Humanoid Worm Drake;;;;;;;;
LON;6;Revival Jam;;;;;;;;
LON;7;Flying Fish;;;;;;;;
LON;8;Amphibian Beast;;;;;;;;
LON;9;Shining Abyss;;;;;;;;
LON;10;Gadget Soldier;;;;;;;;
LON;11;Grand Tiki Elder;;;;;;;;
LON;12;Melchid the Four-Face Beast;;;;;;;;
LON;13;Nuvia the Wicked;;;;;;;;
LON;14;Chosen One;;;;;;;;
LON;15;Mask of Weakness;;;;;;;;
LON;16;Curse of the Masked Beast;;;;;;;;
LON;17;Mask of Dispel;;;;;;;;
LON;18;Mask of Restrict;;;;;;;;
LON;19;Mask of the Accursed;;;;;;;;
LON;20;Mask of Brutality;;;;;;;;
LON;21;Return of the Doomed;;;;;;;;
LON;22;Lightning Blade;;;;;;;;
LON;23;Tornado Wall;;;;;;;;
LON;24;Fairy Box;;;;;;;;
LON;25;Torrential Tribute;;;;;;;;
LON;26;Jam Breeding Machine;;;;;;;;
LON;27;Infinite Cards;;;;;;;;
LON;28;Jam Defender;;;;;;;;
LON;29;Card of Safe Return;;;;;;;;
LON;30;Lady Panther;;;;;;;;
LON;31;The Unfriendly Amazon;;;;;;;;
LON;32;Amazoness Archer;;;;;;;;
LON;33;Crimson Sentry;;;;;;;;
LON;34;Fire Princess;;;;;;;;
LON;35;Lady Assailant of Flames;;;;;;;;
LON;36;Fire Sorcerer;;;;;;;;
LON;37;Spirit of the Breeze;;;;;;;;
LON;38;Dancing Fairy;;;;;;;;
LON;39;Fairy Guardian;;;;;;;;
LON;40;Empress Mantis;;;;;;;;
LON;41;Cure Mermaid;;;;;;;;
LON;42;Hysteric Fairy;;;;;;;;
LON;43;Bio-Mage;;;;;;;;
LON;44;The Forgiving Maiden;;;;;;;;
LON;45;St. Joan;;;;;;;;
LON;46;Darklord Marie (as Marie the Fallen One);;;;;;;;
LON;47;Jar of Greed;;;;;;;;
LON;48;Scroll of Bewitchment;;;;;;;;
LON;49;United We Stand;;;;;;;;
LON;50;Mage Power;;;;;;;;
LON;51;Offerings to the Doomed;;;;;;;;
LON;52;The Portrait's Secret;;;;;;;;
LON;53;The Gross Ghost of Fled Dreams;;;;;;;;
LON;54;Headless Knight;;;;;;;;
LON;55;Earthbound Spirit;;;;;;;;
LON;56;The Earl of Demise;;;;;;;;
LON;57;Boneheimer;;;;;;;;
LON;58;Flame Dancer;;;;;;;;
LON;59;Spherous Lady;;;;;;;;
LON;60;Lightning Conger;;;;;;;;
LON;61;Jowgen the Spiritualist;;;;;;;;
LON;62;Kycoo the Ghost Destroyer;;;;;;;;
LON;63;Summoner of Illusions;;;;;;;;
LON;64;Bazoo the Soul-Eater;;;;;;;;
LON;65;Dark Necrofear;;;;;;;;
LON;66;Soul of Purity and Light;;;;;;;;
LON;67;Spirit of Flames;;;;;;;;
LON;68;Aqua Spirit;;;;;;;;
LON;69;The Rock Spirit;;;;;;;;
LON;70;Garuda the Wind Spirit;;;;;;;;
LON;71;Gilasaurus;;;;;;;;
LON;72;Tornado Bird;;;;;;;;
LON;73;Dreamsprite;;;;;;;;
LON;74;Zombyra the Dark;;;;;;;;
LON;75;Supply;;;;;;;;
LON;76;Maryokutai;;;;;;;;
LON;77;The Last Warrior from Another Planet;;;;;;;;
LON;78;Collected Power;;;;;;;;
LON;79;Dark Spirit of the Silent;;;;;;;;
LON;80;Royal Command;;;;;;;;
LON;81;Riryoku Field;;;;;;;;
LON;82;Skull Lair;;;;;;;;
LON;83;Graverobber's Retribution;;;;;;;;
LON;84;Deal of Phantom;;;;;;;;
LON;85;Destruction Punch;;;;;;;;
LON;86;Blind Destruction;;;;;;;;
LON;87;The Emperor's Holiday;;;;;;;;
LON;88;Destiny Board;;;;;;;;
LON;89;Spirit Message I;;;;;;;;
LON;90;Spirit Message N;;;;;;;;
LON;91;Spirit Message A;;;;;;;;
LON;92;Spirit Message L;;;;;;;;
LON;93;The Dark Door;;;;;;;;
LON;94;Spiritualism;;;;;;;;
LON;95;Cyclon Laser;;;;;;;;
LON;96;Bait Doll;;;;;;;;
LON;97;De-Fusion;;;;;;;;
LON;98;Fusion Gate;;;;;;;;
LON;99;Ekibyo Drakmord;;;;;;;;
LON;100;Miracle Dig;;;;;;;;
LON;101;Dragonic Attack;;;;;;;;
LON;102;Spirit Elimination;;;;;;;;
LON;103;Vengeful Bog Spirit;;;;;;;;
LON;104;Magic Cylinder;;;;;;;;
MAMA;1;Surgical Striker - H.A.M.P.;;;;;;;;
MAMA;2;Aileron;;;;;;;;
MAMA;3;Sky Striker Mobilize - Linkage!;;;;;;;;
MAMA;4;Sky Striker Ace - Raye;;;;;;;;
MAMA;5;Sky Striker Ace - Kagari;;;;;;;;
MAMA;6;Sky Striker Ace - Shizuku;;;;;;;;
MAMA;7;Sky Striker Ace - Hayate;;;;;;;;
MAMA;8;Sky Striker Ace - Zeke;;;;;;;;
MAMA;9;Sky Striker Mobilize - Engage!;;;;;;;;
MAMA;10;Sky Striker Mecha - Widow Anchor;;;;;;;;
MAMA;11;Sky Striker Mecha - Shark Cannon;;;;;;;;
MAMA;12;Sky Striker Mecha Modules - Multirole;;;;;;;;
MAMA;13;Sky Striker Ace Token;;;;;;;;
MAMA;14;Yuki-Onna, the Icicle Mayakashi;;;;;;;;
MAMA;15;Ghost Meets Girl - A Masterful Mayakashi Shiranui Saga;;;;;;;;
MAMA;16;Dakki, the Graceful Mayakashi;;;;;;;;
MAMA;17;Hajun, the Winged Mayakashi;;;;;;;;
MAMA;18;Gashadokuro, the Skeletal Mayakashi;;;;;;;;
MAMA;19;Mayakashi Return;;;;;;;;
MAMA;20;Witchcrafter Vice-Madame;;;;;;;;
MAMA;21;Witchcrafter Confusion Confession;;;;;;;;
MAMA;22;Witchcrafter Haine;;;;;;;;
MAMA;23;Witchcrafter Genni;;;;;;;;
MAMA;24;Witchcrafter Creation;;;;;;;;
MAMA;25;Keldo the Sacred Protector;;;;;;;;
MAMA;26;Mudora the Sword Oracle;;;;;;;;
MAMA;27;Kelbek the Ancient Vanguard;;;;;;;;
MAMA;28;Agido the Ancient Sentinel;;;;;;;;
MAMA;29;Gravekeeper's Trap;;;;;;;;
MAMA;30;Exchange of Despair and Hope;;;;;;;;
MAMA;31;Blast Held by Destiny;;;;;;;;
MAMA;32;Exchange of the Spirit;;;;;;;;
MAMA;33;The Iris Swordsoul;;;;;;;;
MAMA;34;Swordsoul of Mo Ye;;;;;;;;
MAMA;35;Swordsoul of Taia;;;;;;;;
MAMA;36;Swordsoul Strategist Longyuan;;;;;;;;
MAMA;37;Swordsoul Auspice Chunjun;;;;;;;;
MAMA;38;Swordsoul Grandmaster - Chixiao;;;;;;;;
MAMA;39;Swordsoul Supreme Sovereign - Chengying;;;;;;;;
MAMA;40;Swordsoul Sinister Sovereign - Qixing Longyuan;;;;;;;;
MAMA;41;Swordsoul Emergence;;;;;;;;
MAMA;42;Swordsoul Sacred Summit;;;;;;;;
MAMA;43;Swordsoul Assessment;;;;;;;;
MAMA;44;Swordsoul Blackout;;;;;;;;
MAMA;45;Swordsoul Strife;;;;;;;;
MAMA;49;Doom Dozer;;;;;;;;
MAMA;50;Mezuki;;;;;;;;
MAMA;51;Chaos Hunter;;;;;;;;
MAMA;52;Beautunaful Princess;;;;;;;;
MAMA;53;D/D Savant Kepler;;;;;;;;
MAMA;54;Shiranui Solitaire;;;;;;;;
MAMA;55;Bururu @Ignister;;;;;;;;
MAMA;56;Blue-Eyes Abyss Dragon;;;;;;;;
MAMA;57;Galaxy-Eyes Afterglow Dragon;;;;;;;;
MAMA;58;Rilliona, the Magistus of Verre;;;;;;;;
MAMA;59;Incredible Ecclesia, the Virtuous;;;;;;;;
MAMA;60;Therion Bull Ain;;;;;;;;
MAMA;61;Therion Duke Yul;;;;;;;;
MAMA;62;Dragonecro Nethersoul Dragon;;;;;;;;
MAMA;63;Elder Entity N'tss;;;;;;;;
MAMA;64;Millennium-Eyes Restrict;;;;;;;;
MAMA;65;Predaplant Ambulomelides;;;;;;;;
MAMA;66;Cat Shark;;;;;;;;
MAMA;67;Number 93: Utopia Kaiser;;;;;;;;
MAMA;68;Toadally Awesome;;;;;;;;
MAMA;69;Onibimaru Soul Sweeper;;;;;;;;
MAMA;70;Knightmare Cerberus;;;;;;;;
MAMA;71;Knightmare Phoenix;;;;;;;;
MAMA;72;Borrelsword Dragon;;;;;;;;
MAMA;73;Black Luster Soldier - Soldier of Chaos;;;;;;;;
MAMA;74;Traptrix Sera;;;;;;;;
MAMA;75;Apollousa, Bow of the Goddess;;;;;;;;
MAMA;80;Instant Fusion;;;;;;;;
MAMA;81;A Hero Lives;;;;;;;;
MAMA;82;Dark Calling;;;;;;;;
MAMA;83;Secret Village of the Spellcasters;;;;;;;;
MAMA;84;Foolish Return;;;;;;;;
MAMA;85;Pendulum Call;;;;;;;;
MAMA;86;Magician's Restage;;;;;;;;
MAMA;87;Cyber Revsystem;;;;;;;;
MAMA;88;Dragonmaid Changeover;;;;;;;;
MAMA;89;Lightning Storm;;;;;;;;
MAMA;90;Triple Tactics Talent;;;;;;;;
MAMA;91;Dracoback, the Rideable Dragon;;;;;;;;
MAMA;92;Anti-Spell Fragrance;;;;;;;;
MAMA;95;Non-Fusion Area;;;;;;;;
MAMA;96;Light-Imprisoning Mirror;;;;;;;;
MAMA;97;Shadow-Imprisoning Mirror;;;;;;;;
MAMA;98;Gozen Match;;;;;;;;
MAMA;99;Evenly Matched;;;;;;;;
MAMA;100;Infinite Impermanence;;;;;;;;
MAMA;101;Ice Dragon's Prison;;;;;;;;
MAMA;102;Dark Soul Token;;;;;;;;
MAMA;103;G Golem Token;;;;;;;;
MAMA;105;Red-Eyes Black Dragon;;;;;;;;
MAMA;106;Elemental HERO Neos;;;;;;;;
MAMA;110;Gold Sarcophagus;;;;;;;;
MAMA;111;The Seal of Orichalcos;;;;;;;;
MAMA;112;Toon Kingdom;;;;;;;;
MAMA;113;The True Name;;;;;;;;
MAMA;114;Crystal Bond;;;;;;;;
MDP2;1;Elemental HERO Electrum;;;;;;;;
MDP2;2;Elemental HERO Mudballman;;;;;;;;
MDP2;3;Elemental HERO Burstinatrix;;;;;;;;
MDP2;4;The Flute of Summoning Kuriboh;;;;;;;;
MDP2;5;Mist Body;;;;;;;;
MDP2;6;White-Horned Dragon;;;;;;;;
MDP2;7;La Jinn the Mystical Genie of the Lamp;;;;;;;;
MDP2;8;Meteor Dragon;;;;;;;;
MDP2;9;Gokibore;;;;;;;;
MDP2;10;Metal Guardian;;;;;;;;
MDP2;11;Kaiser Dragon;;;;;;;;
MDP2;12;Amphibious Bugroth;;;;;;;;
MDP2;13;Aqua Dragon;;;;;;;;
MDP2;14;Pragtical;;;;;;;;
MDP2;15;Zone Eater;;;;;;;;
MDP2;16;Flame Viper;;;;;;;;
MDP2;17;Trakodon;;;;;;;;
MDP2;18;Dungeon Worm;;;;;;;;
MDP2;19;Moon Envoy;;;;;;;;
MDP2;20;Stone Dragon;;;;;;;;
MFC;0;Dark Magician Girl;;;;;;;;
MFC;1;People Running About;;;;;;;;
MFC;2;Oppressed People;;;;;;;;
MFC;3;United Resistance;;;;;;;;
MFC;4;X-Head Cannon;;;;;;;;
MFC;5;Y-Dragon Head;;;;;;;;
MFC;6;Z-Metal Tank;;;;;;;;
MFC;7;Dark Blade;;;;;;;;
MFC;8;Pitch-Dark Dragon;;;;;;;;
MFC;9;Kiryu;;;;;;;;
MFC;10;Decayed Commander;;;;;;;;
MFC;11;Zombie Tiger;;;;;;;;
MFC;12;Giant Orc;;;;;;;;
MFC;13;Second Goblin;;;;;;;;
MFC;14;Vampiric Orchis (as Vampire Orchis);;;;;;;;
MFC;15;Des Dendle;;;;;;;;
MFC;16;Burning Beast;;;;;;;;
MFC;17;Freezing Beast;;;;;;;;
MFC;18;Union Rider;;;;;;;;
MFC;19;D.D. Crazy Beast;;;;;;;;
MFC;20;Spell Canceller;;;;;;;;
MFC;21;Neko Mane King;;;;;;;;
MFC;22;Helping Robo for Combat (as Helping Robo For Combat);;;;;;;;
MFC;23;Dimension Jar;;;;;;;;
MFC;24;Great Phantom Thief;;;;;;;;
MFC;25;Roulette Barrel;;;;;;;;
MFC;26;Paladin of White Dragon;;;;;;;;
MFC;27;White Dragon Ritual;;;;;;;;
MFC;28;Frontline Base;;;;;;;;
MFC;29;Demotion;;;;;;;;
MFC;30;Combination Attack;;;;;;;;
MFC;31;Kaiser Colosseum;;;;;;;;
MFC;32;Autonomous Action Unit;;;;;;;;
MFC;33;Poison of the Old Man;;;;;;;;
MFC;34;Ante;;;;;;;;
MFC;35;Dark Core;;;;;;;;
MFC;36;Raregold Armor;;;;;;;;
MFC;37;Metalsilver Armor;;;;;;;;
MFC;38;Kishido Spirit;;;;;;;;
MFC;39;Tribute Doll;;;;;;;;
MFC;40;Wave-Motion Cannon;;;;;;;;
MFC;41;Huge Revolution;;;;;;;;
MFC;42;Thunder of Ruler;;;;;;;;
MFC;43;Spell Shield Type-8;;;;;;;;
MFC;44;Meteorain;;;;;;;;
MFC;45;Pineapple Blast;;;;;;;;
MFC;46;Secret Barrel;;;;;;;;
MFC;47;Physical Double;;;;;;;;
MFC;48;Rivalry of Warlords;;;;;;;;
MFC;49;Formation Union;;;;;;;;
MFC;50;Adhesion Trap Hole;;;;;;;;
MFC;51;XY-Dragon Cannon;;;;;;;;
MFC;52;XYZ-Dragon Cannon;;;;;;;;
MFC;53;XZ-Tank Cannon;;;;;;;;
MFC;54;YZ-Tank Dragon;;;;;;;;
MFC;55;Great Angus;;;;;;;;
MFC;56;Aitsu;;;;;;;;
MFC;57;Sonic Duck;;;;;;;;
MFC;58;Luster Dragon;;;;;;;;
MFC;59;Amazoness Paladin;;;;;;;;
MFC;60;Amazoness Fighter;;;;;;;;
MFC;61;Amazoness Swords Woman;;;;;;;;
MFC;62;Amazoness Blowpiper;;;;;;;;
MFC;63;Amazoness Tiger;;;;;;;;
MFC;64;Skilled White Magician;;;;;;;;
MFC;65;Skilled Dark Magician;;;;;;;;
MFC;66;Apprentice Magician;;;;;;;;
MFC;67;Old Vindictive Magician;;;;;;;;
MFC;68;Chaos Command Magician;;;;;;;;
MFC;69;Magical Marionette;;;;;;;;
MFC;70;Pixie Knight;;;;;;;;
MFC;71;Breaker the Magical Warrior;;;;;;;;
MFC;72;Magical Plant Mandragola;;;;;;;;
MFC;73;Magical Scientist;;;;;;;;
MFC;74;Royal Magical Library;;;;;;;;
MFC;75;Armor Exe;;;;;;;;
MFC;76;Tribe-Infecting Virus;;;;;;;;
MFC;77;Des Koala;;;;;;;;
MFC;78;Dark Scorpion - Cliff the Trap Remover (as Cliff the Trap Remover);;;;;;;;
MFC;79;Magical Merchant;;;;;;;;
MFC;80;Koitsu;;;;;;;;
MFC;81;Cat's Ear Tribe;;;;;;;;
MFC;82;Ultimate Obedient Fiend;;;;;;;;
MFC;83;Dark Cat with White Tail;;;;;;;;
MFC;84;Amazoness Spellcaster;;;;;;;;
MFC;85;Continuous Destruction Punch;;;;;;;;
MFC;86;Big Bang Shot;;;;;;;;
MFC;87;Gather Your Mind;;;;;;;;
MFC;88;Mass Driver;;;;;;;;
MFC;89;Senri Eye;;;;;;;;
MFC;90;Emblem of Dragon Destroyer;;;;;;;;
MFC;91;Jar Robber;;;;;;;;
MFC;92;My Body as a Shield;;;;;;;;
MFC;93;Spellbook Organization (as Pigeonholing Books of Spell);;;;;;;;
MFC;94;Mega Ton Magical Cannon;;;;;;;;
MFC;95;Pitch-Black Power Stone;;;;;;;;
MFC;96;Amazoness Archers;;;;;;;;
MFC;97;Dramatic Rescue;;;;;;;;
MFC;98;Exhausting Spell;;;;;;;;
MFC;99;Hidden Spellbook (as Hidden Book of Spell);;;;;;;;
MFC;100;Miracle Restoring;;;;;;;;
MFC;101;Remove Brainwashing;;;;;;;;
MFC;102;Disarmament;;;;;;;;
MFC;103;Anti-Spell;;;;;;;;
MFC;104;The Spell Absorbing Life;;;;;;;;
MFC;105;Dark Paladin;;;;;;;;
MFC;106;Double Spell;;;;;;;;
MFC;107;Diffusion Wave-Motion;;;;;;;;
MP1;1;Millennium Shield;;;;;;;;
MP1;2;Cosmo Queen;;;;;;;;
MP1;3;Goddess of Whim;;;;;;;;
MP1;4;Slime Toad;;;;;;;;
MP1;5;Yaranzo;;;;;;;;
MP1;6;Takriminos;;;;;;;;
MP1;7;Stuffed Animal;;;;;;;;
MP1;8;Megasonic Eye;;;;;;;;
MP1;9;Yamadron;;;;;;;;
MP1;10;Three-Legged Zombies;;;;;;;;
MP1;11;Flying Penguin;;;;;;;;
MP1;12;Fairy's Gift;;;;;;;;
MP1;13;Ushi Oni;;;;;;;;
MP1;14;Turtle Bird;;;;;;;;
MP1;15;Dark-Piercing Light;;;;;;;;
MRD;0;Gate Guardian;;;;;;;;
MRD;1;Feral Imp;;;;;;;;
MRD;2;Winged Dragon, Guardian of the Fortress #1;;;;;;;;
MRD;3;Summoned Skull;;;;;;;;
MRD;4;Rock Ogre Grotto #1;;;;;;;;
MRD;5;Armored Lizard;;;;;;;;
MRD;6;Killer Needle;;;;;;;;
MRD;7;Larvae Moth;;;;;;;;
MRD;8;Harpie Lady;;;;;;;;
MRD;9;Harpie Lady Sisters;;;;;;;;
MRD;10;Kojikocy;;;;;;;;
MRD;11;Cocoon of Evolution;;;;;;;;
MRD;12;Crawling Dragon;;;;;;;;
MRD;13;Armored Zombie;;;;;;;;
MRD;14;Mask of Darkness;;;;;;;;
MRD;15;Doma The Angel of Silence;;;;;;;;
MRD;16;White Magical Hat;;;;;;;;
MRD;17;Big Eye;;;;;;;;
MRD;18;Black Skull Dragon (as B. Skull Dragon);;;;;;;;
MRD;19;Masked Sorcerer;;;;;;;;
MRD;20;Roaring Ocean Snake;;;;;;;;
MRD;21;Water Omotics;;;;;;;;
MRD;22;Ground Attacker Bugroth;;;;;;;;
MRD;23;Petit Moth;;;;;;;;
MRD;24;Elegant Egotist;;;;;;;;
MRD;25;Sanga of the Thunder;;;;;;;;
MRD;26;Kazejin;;;;;;;;
MRD;27;Suijin;;;;;;;;
MRD;28;Mystic Lamp;;;;;;;;
MRD;29;Steel Scorpion;;;;;;;;
MRD;30;Ocubeam;;;;;;;;
MRD;31;Leghul;;;;;;;;
MRD;32;Ooguchi;;;;;;;;
MRD;33;Leogun;;;;;;;;
MRD;34;Blast Juggler;;;;;;;;
MRD;35;Jinzo #7;;;;;;;;
MRD;36;Magician of Faith;;;;;;;;
MRD;37;Ancient Elf;;;;;;;;
MRD;38;Deepsea Shark;;;;;;;;
MRD;39;Bottom Dweller;;;;;;;;
MRD;40;Destroyer Golem;;;;;;;;
MRD;41;Kaminari Attack;;;;;;;;
MRD;42;Rainbow Flower;;;;;;;;
MRD;43;Morinphen;;;;;;;;
MRD;44;Mega Thunderball;;;;;;;;
MRD;45;Tongyo;;;;;;;;
MRD;46;Empress Judge;;;;;;;;
MRD;47;Pale Beast;;;;;;;;
MRD;48;Electric Lizard;;;;;;;;
MRD;49;Hunter Spider;;;;;;;;
MRD;50;Ancient Lizard Warrior;;;;;;;;
MRD;51;Queen's Double;;;;;;;;
MRD;52;Trent;;;;;;;;
MRD;53;Disk Magician;;;;;;;;
MRD;54;Hyosube;;;;;;;;
MRD;55;Hibikime;;;;;;;;
MRD;56;Fake Trap;;;;;;;;
MRD;57;Tribute to The Doomed (as Tribute to the Doomed);;;;;;;;
MRD;58;Soul Release;;;;;;;;
MRD;59;The Cheerful Coffin;;;;;;;;
MRD;60;Change of Heart;;;;;;;;
MRD;61;Baby Dragon;;;;;;;;
MRD;62;Blackland Fire Dragon;;;;;;;;
MRD;63;Swamp Battleguard;;;;;;;;
MRD;64;Battle Steer;;;;;;;;
MRD;65;Time Wizard;;;;;;;;
MRD;66;Saggi the Dark Clown;;;;;;;;
MRD;67;Dragon Piper;;;;;;;;
MRD;68;Illusionist Faceless Mage;;;;;;;;
MRD;69;Sangan;;;;;;;;
MRD;70;Great Moth;;;;;;;;
MRD;71;Kuriboh;;;;;;;;
MRD;72;Jellyfish;;;;;;;;
MRD;73;Castle of Dark Illusions;;;;;;;;
MRD;74;King of Yamimakai;;;;;;;;
MRD;75;Catapult Turtle;;;;;;;;
MRD;76;Mystic Horseman;;;;;;;;
MRD;77;Rabid Horseman;;;;;;;;
MRD;78;Crass Clown;;;;;;;;
MRD;79;Pumpking the King of Ghosts;;;;;;;;
MRD;80;Dream Clown;;;;;;;;
MRD;81;Tainted Wisdom;;;;;;;;
MRD;82;Ancient Brain;;;;;;;;
MRD;83;Guardian of the Labyrinth;;;;;;;;
MRD;84;Prevent Rat;;;;;;;;
MRD;85;The Little Swordsman of Aile;;;;;;;;
MRD;86;Princess of Tsurugi;;;;;;;;
MRD;87;Protector of the Throne;;;;;;;;
MRD;88;Tremendous Fire;;;;;;;;
MRD;89;Jirai Gumo;;;;;;;;
MRD;90;Shadow Ghoul;;;;;;;;
MRD;91;Labyrinth Tank;;;;;;;;
MRD;92;Ryu-Kishin Powered;;;;;;;;
MRD;93;Bickuribox;;;;;;;;
MRD;94;Giltia the D. Knight;;;;;;;;
MRD;95;Launcher Spider;;;;;;;;
MRD;96;Giga-Tech Wolf;;;;;;;;
MRD;97;Thunder Dragon;;;;;;;;
MRD;98;7 Colored Fish;;;;;;;;
MRD;99;The Immortal of Thunder;;;;;;;;
MRD;100;Punished Eagle;;;;;;;;
MRD;101;Insect Soldiers of the Sky;;;;;;;;
MRD;102;Hoshiningen;;;;;;;;
MRD;103;Musician King;;;;;;;;
MRD;104;Yado Karu;;;;;;;;
MRD;105;Cyber Saurus;;;;;;;;
MRD;106;Cannon Soldier;;;;;;;;
MRD;107;Muka Muka;;;;;;;;
MRD;108;The Bistro Butcher;;;;;;;;
MRD;109;Star Boy;;;;;;;;
MRD;110;Milus Radiant;;;;;;;;
MRD;111;Flame Cerebrus;;;;;;;;
MRD;112;Niwatori;;;;;;;;
MRD;113;Dark Elf;;;;;;;;
MRD;114;Mushroom Man #2;;;;;;;;
MRD;115;Lava Battleguard;;;;;;;;
MRD;116;Witch of the Black Forest;;;;;;;;
MRD;117;Little Chimera;;;;;;;;
MRD;118;Bladefly;;;;;;;;
MRD;119;Lady of Faith;;;;;;;;
MRD;120;Twin-Headed Thunder Dragon;;;;;;;;
MRD;121;Witch's Apprentice;;;;;;;;
MRD;122;Blue-Winged Crown;;;;;;;;
MRD;123;Skull Knight;;;;;;;;
MRD;124;Gazelle the King of Mythical Beasts;;;;;;;;
MRD;125;Garnecia Elefantis;;;;;;;;
MRD;126;Barrel Dragon;;;;;;;;
MRD;127;Solemn Judgment;;;;;;;;
MRD;128;Magic Jammer;;;;;;;;
MRD;129;Seven Tools of the Bandit;;;;;;;;
MRD;130;Horn of Heaven;;;;;;;;
MRD;131;Shield & Sword;;;;;;;;
MRD;132;Sword of Deep-Seated;;;;;;;;
MRD;133;Block Attack;;;;;;;;
MRD;134;The Unhappy Maiden;;;;;;;;
MRD;135;Robbin' Goblin;;;;;;;;
MRD;136;Germ Infection;;;;;;;;
MRD;137;Paralyzing Potion;;;;;;;;
MRD;138;Mirror Force;;;;;;;;
MRD;139;Ring of Magnetism;;;;;;;;
MRD;140;Share the Pain;;;;;;;;
MRD;141;Stim-Pack;;;;;;;;
MRD;142;Heavy Storm;;;;;;;;
MRD;143;Thousand Dragon;;;;;;;;
PGD;0;Ring of Destruction;;;;;;;;
PGD;1;Molten Behemoth;;;;;;;;
PGD;2;Shapesnatch;;;;;;;;
PGD;3;Souleater;;;;;;;;
PGD;4;King Tiger Wanghu;;;;;;;;
PGD;5;Birdface;;;;;;;;
PGD;6;Kryuel;;;;;;;;
PGD;7;Arsenal Bug;;;;;;;;
PGD;8;Maiden of the Aqua;;;;;;;;
PGD;9;Jowls of Dark Demise;;;;;;;;
PGD;10;Timeater;;;;;;;;
PGD;11;Mucus Yolk;;;;;;;;
PGD;12;Servant of Catabolism;;;;;;;;
PGD;13;Moisture Creature;;;;;;;;
PGD;14;Gora Turtle;;;;;;;;
PGD;15;Sasuke Samurai;;;;;;;;
PGD;16;Poison Mummy;;;;;;;;
PGD;17;Dark Dust Spirit;;;;;;;;
PGD;18;Royal Keeper;;;;;;;;
PGD;19;Wandering Mummy;;;;;;;;
PGD;20;Great Dezard;;;;;;;;
PGD;21;Swarm of Scarabs;;;;;;;;
PGD;22;Swarm of Locusts;;;;;;;;
PGD;23;Giant Axe Mummy;;;;;;;;
PGD;24;8-Claws Scorpion;;;;;;;;
PGD;25;Guardian Sphinx;;;;;;;;
PGD;26;Pyramid Turtle;;;;;;;;
PGD;27;Dice Jar;;;;;;;;
PGD;28;Dark Scorpion Burglars;;;;;;;;
PGD;29;Don Zaloog;;;;;;;;
PGD;30;Des Lacooda;;;;;;;;
PGD;31;Fushioh Richie;;;;;;;;
PGD;32;Cobraman Sakuzy;;;;;;;;
PGD;33;Book of Life;;;;;;;;
PGD;34;Book of Taiyou;;;;;;;;
PGD;35;Book of Moon;;;;;;;;
PGD;36;Mirage of Nightmare;;;;;;;;
PGD;37;Secret Pass to the Treasures;;;;;;;;
PGD;38;Call of the Mummy;;;;;;;;
PGD;39;Timidity;;;;;;;;
PGD;40;Pyramid Energy;;;;;;;;
PGD;41;Tutan Mask;;;;;;;;
PGD;42;Ordeal of a Traveler;;;;;;;;
PGD;43;Bottomless Shifting Sand;;;;;;;;
PGD;44;Curse of Royal;;;;;;;;
PGD;45;Needle Ceiling;;;;;;;;
PGD;46;Statue of the Wicked;;;;;;;;
PGD;47;Dark Coffin;;;;;;;;
PGD;48;Needle Wall;;;;;;;;
PGD;49;Trap Dustshoot;;;;;;;;
PGD;50;Pyro Clock of Destiny;;;;;;;;
PGD;51;Reckless Greed;;;;;;;;
PGD;52;Pharaoh's Treasure;;;;;;;;
PGD;53;Master Kyonshee;;;;;;;;
PGD;54;Kabazauls;;;;;;;;
PGD;55;Inpachi;;;;;;;;
PGD;56;Dark Jeroid;;;;;;;;
PGD;57;Newdoria;;;;;;;;
PGD;58;Helpoemer;;;;;;;;
PGD;59;Gravekeeper's Spy;;;;;;;;
PGD;60;Gravekeeper's Curse;;;;;;;;
PGD;61;Gravekeeper's Guard;;;;;;;;
PGD;62;Gravekeeper's Spear Soldier;;;;;;;;
PGD;63;Gravekeeper's Vassal;;;;;;;;
PGD;64;Gravekeeper's Watcher;;;;;;;;
PGD;65;Gravekeeper's Chief;;;;;;;;
PGD;66;Gravekeeper's Cannonholder;;;;;;;;
PGD;67;Gravekeeper's Assailant;;;;;;;;
PGD;68;A Man with Wdjat;;;;;;;;
PGD;69;Mystical Knight of Jackal;;;;;;;;
PGD;70;A Cat of Ill Omen;;;;;;;;
PGD;71;Yomi Ship;;;;;;;;
PGD;72;Winged Sage Falcos;;;;;;;;
PGD;73;An Owl of Luck;;;;;;;;
PGD;74;Charm of Shabti;;;;;;;;
PGD;75;Cobra Jar;;;;;;;;
PGD;76;Spirit Reaper;;;;;;;;
PGD;77;Nightmare Horse;;;;;;;;
PGD;78;Reaper on the Nightmare;;;;;;;;
PGD;79;Dark Designator;;;;;;;;
PGD;80;Card Shuffle;;;;;;;;
PGD;81;Reasoning;;;;;;;;
PGD;82;Dark Room of Nightmare;;;;;;;;
PGD;83;Different Dimension Capsule;;;;;;;;
PGD;84;Necrovalley;;;;;;;;
PGD;85;Buster Rancher;;;;;;;;
PGD;86;Hieroglyph Lithograph;;;;;;;;
PGD;87;Dark Snake Syndrome;;;;;;;;
PGD;88;Terraforming;;;;;;;;
PGD;89;Banner of Courage;;;;;;;;
PGD;90;Metamorphosis;;;;;;;;
PGD;91;Royal Tribute;;;;;;;;
PGD;92;Reversal Quiz;;;;;;;;
PGD;93;Coffin Seller;;;;;;;;
PGD;94;Curse of Aging;;;;;;;;
PGD;95;Barrel Behind the Door;;;;;;;;
PGD;96;Raigeki Break;;;;;;;;
PGD;97;Narrow Pass;;;;;;;;
PGD;98;Disturbance Strategy;;;;;;;;
PGD;99;Trap of Board Eraser;;;;;;;;
PGD;100;Rite of Spirit;;;;;;;;
PGD;101;Non Aggression Area;;;;;;;;
PGD;102;D. Tribe;;;;;;;;
PGD;103;Byser Shock;;;;;;;;
PGD;104;Question;;;;;;;;
PGD;105;Rope of Life;;;;;;;;
PGD;106;Nightmare Wheel;;;;;;;;
PGD;107;Lava Golem;;;;;;;;
PP01;1;Magician of Black Chaos;;;;;;;;
PP01;2;Black Magic Ritual;;;;;;;;
PP01;3;Marshmallon;;;;;;;;
PP01;4;Marshmallon Glasses;;;;;;;;
PP01;5;Gemini Imps;;;;;;;;
PP01;7;Shield Crush;;;;;;;;
PP01;8;Dark Magic Curtain;;;;;;;;
PP01;9;Legacy of Yata-Garasu;;;;;;;;
PP01;10;Zera Ritual;;;;;;;;
PP01;11;Zera the Mant;;;;;;;;
PP01;12;Javelin Beetle Pact;;;;;;;;
PP01;13;Javelin Beetle;;;;;;;;
PRC1;1;Elemental HERO The Shining;;;;;;;;
PRC1;2;Beastly Mirror Ritual;;;;;;;;
PRC1;2;Number 34: Terror-Byte (alternate artwork);;;;;;;;
PRC1;3;Fiend's Mirror;;;;;;;;
PRC1;4;Meteor Black Dragon (as Meteor B. Dragon);;;;;;;;
PRC1;5;Firewing Pegasus;;;;;;;;
PRC1;6;Quick-Span Knight;;;;;;;;
PRC1;7;Armored Bee;;;;;;;;
PRC1;8;Great Poseidon Beetle;;;;;;;;
PRC1;9;Junk Forward;;;;;;;;
PRC1;10;Fallen Angel of Roses;;;;;;;;
PRC1;11;Machina Cannon;;;;;;;;
PRC1;12;Blaze Fenix, the Burning Bombardment Bird;;;;;;;;
PRC1;13;Scarred Warrior;;;;;;;;
PRC1;14;Kagemucha Knight;;;;;;;;
PRC1;15;Photon Wyvern;;;;;;;;
PRC1;16;Rosaria, the Stately Fallen Angel;;;;;;;;
PRC1;17;Ma'at;;;;;;;;
PRC1;18;Masked HERO Acid;;;;;;;;
PRC1;19;Masked HERO Dian;;;;;;;;
PRC1;20;Gravity Warrior;;;;;;;;
PRC1;21;Void Ogre Dragon;;;;;;;;
PRC1;22;Photon Sanctuary;;;;;;;;
PRC1;23;Photon Current;;;;;;;;
PSV;0;Jinzo;;;;;;;;
PSV;1;Steel Ogre Grotto #2;;;;;;;;
PSV;2;Three-Headed Geedo;;;;;;;;
PSV;3;Parasite Paracide;;;;;;;;
PSV;4;7 Completed;;;;;;;;
PSV;5;Lightforce Sword;;;;;;;;
PSV;6;Chain Destruction;;;;;;;;
PSV;7;Time Seal;;;;;;;;
PSV;8;Graverobber;;;;;;;;
PSV;9;Gift of The Mystical Elf (as Gift of the Mystical Elf);;;;;;;;
PSV;10;The Eye of Truth;;;;;;;;
PSV;11;Dust Tornado;;;;;;;;
PSV;12;Call of the Haunted (as Call Of The Haunted);;;;;;;;
PSV;13;Solomon's Lawbook;;;;;;;;
PSV;14;Earthshaker;;;;;;;;
PSV;15;Enchanted Javelin;;;;;;;;
PSV;16;Mirror Wall;;;;;;;;
PSV;17;Gust;;;;;;;;
PSV;18;Driving Snow;;;;;;;;
PSV;19;Armored Glass;;;;;;;;
PSV;20;World Suppression;;;;;;;;
PSV;21;Mystic Probe;;;;;;;;
PSV;22;Metal Detector;;;;;;;;
PSV;23;Numinous Healer;;;;;;;;
PSV;24;Appropriate;;;;;;;;
PSV;25;Forced Requisition;;;;;;;;
PSV;26;DNA Surgery;;;;;;;;
PSV;27;The Regulation of Tribe;;;;;;;;
PSV;28;Backup Soldier;;;;;;;;
PSV;29;Major Riot;;;;;;;;
PSV;30;Ceasefire;;;;;;;;
PSV;31;Light of Intervention;;;;;;;;
PSV;32;Respect Play;;;;;;;;
PSV;33;Magical Hats;;;;;;;;
PSV;34;Nobleman of Crossout;;;;;;;;
PSV;35;Nobleman of Extermination;;;;;;;;
PSV;36;The Shallow Grave;;;;;;;;
PSV;37;Premature Burial;;;;;;;;
PSV;38;Inspection;;;;;;;;
PSV;39;Prohibition;;;;;;;;
PSV;40;Morphing Jar #2;;;;;;;;
PSV;41;Flame Champion;;;;;;;;
PSV;42;Twin-Headed Fire Dragon;;;;;;;;
PSV;43;Darkfire Soldier #1;;;;;;;;
PSV;44;Mr. Volcano;;;;;;;;
PSV;45;Darkfire Soldier #2;;;;;;;;
PSV;46;Kiseitai;;;;;;;;
PSV;47;Cyber Falcon;;;;;;;;
PSV;48;Flying Kamakiri #2;;;;;;;;
PSV;49;Sky Scout (as Harpie's Brother);;;;;;;;
PSV;50;Buster Blader;;;;;;;;
PSV;51;Michizure;;;;;;;;
PSV;52;Minor Goblin Official;;;;;;;;
PSV;53;Gamble;;;;;;;;
PSV;54;Attack and Receive;;;;;;;;
PSV;55;Solemn Wishes;;;;;;;;
PSV;56;Skull Invitation;;;;;;;;
PSV;57;Bubonic Vermin;;;;;;;;
PSV;58;Dark Bat;;;;;;;;
PSV;59;Oni Tank T-34;;;;;;;;
PSV;60;Overdrive;;;;;;;;
PSV;61;Burning Land;;;;;;;;
PSV;62;Cold Wave;;;;;;;;
PSV;63;Fairy Meteor Crush;;;;;;;;
PSV;64;Limiter Removal;;;;;;;;
PSV;65;Rain of Mercy;;;;;;;;
PSV;66;Monster Recovery;;;;;;;;
PSV;67;Shift;;;;;;;;
PSV;68;Insect Imitation;;;;;;;;
PSV;69;Dimensionhole;;;;;;;;
PSV;70;Ground Collapse;;;;;;;;
PSV;71;Magic Drain;;;;;;;;
PSV;72;Infinite Dismissal;;;;;;;;
PSV;73;Gravity Bind;;;;;;;;
PSV;74;Type Zero Magic Crusher;;;;;;;;
PSV;75;Shadow of Eyes;;;;;;;;
PSV;76;The Legendary Fisherman;;;;;;;;
PSV;77;Sword Hunter;;;;;;;;
PSV;78;Drill Bug;;;;;;;;
PSV;79;Deepsea Warrior;;;;;;;;
PSV;80;Bite Shoes;;;;;;;;
PSV;81;Spikebot;;;;;;;;
PSV;82;Invitation to a Dark Sleep;;;;;;;;
PSV;83;Thousand-Eyes Idol;;;;;;;;
PSV;84;Thousand-Eyes Restrict;;;;;;;;
PSV;85;Girochin Kuwagata;;;;;;;;
PSV;86;Hayabusa Knight;;;;;;;;
PSV;87;Bombardment Beetle;;;;;;;;
PSV;88;4-Starred Ladybug of Doom;;;;;;;;
PSV;89;Gradius;;;;;;;;
PSV;90;Vampire Baby (as Red-Moon Baby);;;;;;;;
PSV;91;Mad Sword Beast;;;;;;;;
PSV;92;Skull Mariner;;;;;;;;
PSV;93;The All-Seeing White Tiger;;;;;;;;
PSV;94;Goblin Attack Force;;;;;;;;
PSV;95;Island Turtle;;;;;;;;
PSV;96;Wingweaver;;;;;;;;
PSV;97;Science Soldier;;;;;;;;
PSV;98;Souls of the Forgotten;;;;;;;;
PSV;99;Dokuroyaiba;;;;;;;;
PSV;100;The Fiend Megacyber;;;;;;;;
PSV;101;Gearfried the Iron Knight;;;;;;;;
PSV;102;Insect Barrier;;;;;;;;
PSV;103;Beast of Talwar;;;;;;;;
PSV;104;Imperial Order;;;;;;;;
RDS;1;Woodborg Inpachi;;;;;;;;
RDS;2;Mighty Guard;;;;;;;;
RDS;3;Bokoichi the Freightening Car;;;;;;;;
RDS;4;Harpie Girl;;;;;;;;
RDS;5;The Creator;;;;;;;;
RDS;6;The Creator Incarnate;;;;;;;;
RDS;7;Ultimate Insect LV3;;;;;;;;
RDS;8;Mystic Swordsman LV6;;;;;;;;
RDS;9;Silent Swordsman LV3;;;;;;;;
RDS;10;Nightmare Penguin;;;;;;;;
RDS;11;Heavy Mech Support Platform;;;;;;;;
RDS;12;Perfect Machine King;;;;;;;;
RDS;13;Element Magician;;;;;;;;
RDS;14;Element Saurus;;;;;;;;
RDS;15;Roc from the Valley of Haze;;;;;;;;
RDS;16;Sasuke Samurai #4;;;;;;;;
RDS;17;Harpie Lady 1;;;;;;;;
RDS;18;Harpie Lady 2;;;;;;;;
RDS;19;Harpie Lady 3;;;;;;;;
RDS;20;Raging Flame Sprite;;;;;;;;
RDS;21;Thestalos the Firestorm Monarch;;;;;;;;
RDS;22;Eagle Eye;;;;;;;;
RDS;23;Tactical Espionage Expert;;;;;;;;
RDS;24;Invasion of Flames;;;;;;;;
RDS;25;Creeping Doom Manta;;;;;;;;
RDS;26;Pitch-Black Warwolf;;;;;;;;
RDS;27;Mirage Dragon;;;;;;;;
RDS;28;Gaia Soul the Combustible Collective;;;;;;;;
RDS;29;Fox Fire;;;;;;;;
RDS;30;Big Core;;;;;;;;
RDS;31;Fusilier Dragon, the Dual-Mode Beast;;;;;;;;
RDS;32;Dekoichi the Battlechanted Locomotive;;;;;;;;
RDS;33;A-Team: Trap Disposal Unit;;;;;;;;
RDS;34;Homunculus the Alchemic Being;;;;;;;;
RDS;35;Dark Blade the Dragon Knight;;;;;;;;
RDS;36;Mokey Mokey King;;;;;;;;
RDS;37;Serial Spell;;;;;;;;
RDS;38;Harpies' Hunting Ground;;;;;;;;
RDS;39;Triangle Ecstasy Spark;;;;;;;;
RDS;40;Necklace of Command;;;;;;;;
RDS;41;Machine Duplication;;;;;;;;
RDS;42;Flint;;;;;;;;
RDS;43;Mokey Mokey Smackdown;;;;;;;;
RDS;44;Back to Square One;;;;;;;;
RDS;45;Monster Reincarnation;;;;;;;;
RDS;46;Ballista of Rampart Smashing;;;;;;;;
RDS;47;Lighten the Load;;;;;;;;
RDS;48;Malice Dispersion;;;;;;;;
RDS;49;Tragedy;;;;;;;;
RDS;50;Divine Wrath;;;;;;;;
RDS;51;Xing Zhen Hu;;;;;;;;
RDS;52;Rare Metalmorph;;;;;;;;
RDS;53;Fruits of Kozaky's Studies;;;;;;;;
RDS;54;Mind Haxorz;;;;;;;;
RDS;55;Fuh-Rin-Ka-Zan;;;;;;;;
RDS;56;Chain Burst;;;;;;;;
RDS;57;Pikeru's Circle of Enchantment;;;;;;;;
RDS;58;Spell Purification;;;;;;;;
RDS;59;Astral Barrier;;;;;;;;
RDS;60;Covering Fire;;;;;;;;
ROTA;0;Ultimate Dragon of Pride and Soul;;;;;;;;
ROTA;1;Surfacing Big Jaws;;;;;;;;
ROTA;2;Drake Shark;;;;;;;;
ROTA;3;Armored Shark;;;;;;;;
ROTA;4;Heart of the Blue-Eyes;;;;;;;;
ROTA;5;Red-Eyes Black Fullmetal Dragon;;;;;;;;
ROTA;6;Metalzoa X;;;;;;;;
ROTA;7;Zoa the Fiendish Beast;;;;;;;;
ROTA;8;Metal Illusionist;;;;;;;;
ROTA;9;Battlewasp - Rapier the Onslaught;;;;;;;;
ROTA;10;Performage Ball Balancer;;;;;;;;
ROTA;11;Chaos Allure Queen;;;;;;;;
ROTA;12;Goblin Bikers Gone Wild;;;;;;;;
ROTA;13;Primite Imperial Dragon;;;;;;;;
ROTA;14;Lacrima the Crimson Tears;;;;;;;;
ROTA;15;Mementotlan Akihiron;;;;;;;;
ROTA;16;Centur-Ion Chimerea;;;;;;;;
ROTA;17;Abyssrhine, the Atlantean Spirit;;;;;;;;
ROTA;18;Mermail Shadow Squad;;;;;;;;
ROTA;19;Anarchist Monk of the Six Samurai;;;;;;;;
ROTA;20;Tactical Trainer of the Six Samurai;;;;;;;;
ROTA;21;Wandering Titan of Tartarus;;;;;;;;
ROTA;22;Union Pilot;;;;;;;;
ROTA;23;Eria the Water Channeler;;;;;;;;
ROTA;24;Mulcharmy Fuwalos;;;;;;;;
ROTA;25;Tsuru-Puru-Purun;;;;;;;;
ROTA;26;Flipping Feline;;;;;;;;
ROTA;27;L Magi Mergy;;;;;;;;
ROTA;28;Neverending Nightmare Absorber;;;;;;;;
ROTA;29;Newbee!;;;;;;;;
ROTA;30;Azamina Ilia Silvia;;;;;;;;
ROTA;31;Azamina Mu Rcielago;;;;;;;;
ROTA;32;Azamina Sol Erysichthon;;;;;;;;
ROTA;33;Azamina Moa Regina;;;;;;;;
ROTA;34;Khaos Starsource Dragon;;;;;;;;
ROTA;35;Heosvarog the Mechanical Dawn;;;;;;;;
ROTA;36;Battlewasp - Grand Partisan the Revolution;;;;;;;;
ROTA;37;Battlewasp - Sachi the Ceremonial Bow;;;;;;;;
ROTA;38;Centur-Ion Primera Primus;;;;;;;;
ROTA;39;Legendary Lord Six Samurai - Shi En;;;;;;;;
ROTA;40;Legendary Lord Six Samurai - Enishi;;;;;;;;
ROTA;41;Number C32: Shark Drake LeVeiss;;;;;;;;
ROTA;42;LeVirtue Dragon;;;;;;;;
ROTA;43;Poseidra Abyss, the Atlantean Dragon Lord;;;;;;;;
ROTA;44;Rubysapphirus, the Adamant Jewel;;;;;;;;
ROTA;45;Fiendsmith's Agnumday;;;;;;;;
ROTA;46;Mermail King - Neptabyss;;;;;;;;
ROTA;47;Flying Mary, the Wandering Ghost Ship;;;;;;;;
ROTA;48;Aqua Jet Surface;;;;;;;;
ROTA;49;Reincarnation Unveiling Mail;;;;;;;;
ROTA;50;Incoming Machine!;;;;;;;;
ROTA;51;Armed Rebeellion;;;;;;;;
ROTA;52;Battlewasp Wind;;;;;;;;
ROTA;53;The Hallowed Azamina;;;;;;;;
ROTA;54;Azamina Debtors;;;;;;;;
ROTA;55;Deception of the Sinful Spoils;;;;;;;;
ROTA;56;Scourge of the White Forest;;;;;;;;
ROTA;57;Goblin Biker Grand Breakout;;;;;;;;
ROTA;58;Primite Lordly Lode;;;;;;;;
ROTA;59;Primite Roar;;;;;;;;
ROTA;60;Primite Drillbeam;;;;;;;;
ROTA;61;Sangen Furo;;;;;;;;
ROTA;62;Abyss-sting Triaina;;;;;;;;
ROTA;63;Six Strike - Double Assault;;;;;;;;
ROTA;64;Final Bringer of the End Times;;;;;;;;
ROTA;65;Succumbing-Song Morganite;;;;;;;;
ROTA;66;Firestorms Over Atlantis;;;;;;;;
ROTA;67;Token Support;;;;;;;;
ROTA;68;Virtue Stream;;;;;;;;
ROTA;69;Xyz Poseidon Splash;;;;;;;;
ROTA;70;Puppet Shark;;;;;;;;
ROTA;71;Max Metalmorph;;;;;;;;
ROTA;72;Time Engine;;;;;;;;
ROTA;73;Azamina Determination;;;;;;;;
ROTA;74;Guilt of the Sinful Spoils;;;;;;;;
ROTA;75;Goblin Biker Grand Crisis;;;;;;;;
ROTA;76;Primite Howl;;;;;;;;
ROTA;77;Ragnaraika Wisteria of Woe;;;;;;;;
ROTA;78;Vaalmonica Ereditare;;;;;;;;
ROTA;79;Dominus Impulse;;;;;;;;
ROTA;80;Summer Schoolwork Successful!;;;;;;;;
ROTA;81;Supply Soldier of the Indestructible Insects;;;;;;;;
ROTA;82;Heavy Cavalry of the Indestructible Insects;;;;;;;;
ROTA;83;Insect Invitation;;;;;;;;
ROTA;84;Mantman the Ultrahuman;;;;;;;;
ROTA;85;Phalaenop Sisters;;;;;;;;
ROTA;86;Release Brainwashing;;;;;;;;
ROTA;87;Denial Deity Dotan;;;;;;;;
ROTA;88;Butterfly Fish;;;;;;;;
ROTA;89;QQ Enneagon;;;;;;;;
ROTA;90;Mimighoul Armor;;;;;;;;
ROTA;91;Mimighoul Fairy;;;;;;;;
ROTA;92;Mimighoul Slime;;;;;;;;
ROTA;93;Giant Mimighoul;;;;;;;;
ROTA;94;Mimighoul Throne;;;;;;;;
ROTA;95;Mimighoul Fork;;;;;;;;
ROTA;96;Mimighoul Charm;;;;;;;;
ROTA;97;Rescue Hedgehog;;;;;;;;
ROTA;98;Fire King Courtier Ulcanix;;;;;;;;
ROTA;99;Cursed Fire King Doom Burst;;;;;;;;
ROTA;100;Splitting Planarian;;;;;;;;
SBC2;1;Slifer the Sky Dragon;;;;;;;;
SBC2;1;The Winged Dragon of Ra;;;;;;;;
SBC2;1;Mystical Beast of Serket;;;;;;;;
SBC2;1;Harpie's Pet Dragon - Fearsome Fire Blast;;;;;;;;
SBC2;1;Obelisk the Tormentor;;;;;;;;
SBC2;2;King's Knight;;;;;;;;
SBC2;2;The Winged Dragon of Ra - Immortal Phoenix;;;;;;;;
SBC2;2;Cataclysmic Crusted Calcifida;;;;;;;;
SBC2;3;Queen's Knight;;;;;;;;
SBC2;3;The Winged Dragon of Ra - Sphere Mode;;;;;;;;
SBC2;4;Jack's Knight;;;;;;;;
SBC2;4;Holding Arms;;;;;;;;
SBC2;4;Harpie Channeler;;;;;;;;
SBC2;4;Absolute Crusader;;;;;;;;
SBC2;4;Doomcaliber Knight;;;;;;;;
SBC2;5;Joker's Knight;;;;;;;;
SBC2;5;Swarm of Centipedes;;;;;;;;
SBC2;5;Ancient Lamp;;;;;;;;
SBC2;5;Blue Flame Swordsman;;;;;;;;
SBC2;6;Imperial Bower;;;;;;;;
SBC2;6;Sword of Kusanagi;;;;;;;;
SBC2;6;Valkyrian Knight;;;;;;;;
SBC2;7;Arcana Triumph Joker;;;;;;;;
SBC2;7;Magician's Valkyria;;;;;;;;
SBC2;7;Fiendish Rhino Warrior;;;;;;;;
SBC2;8;Big Shield Gardna;;;;;;;;
SBC2;8;D.D. Warrior;;;;;;;;
SBC2;9;Gravekeeper's Commandant;;;;;;;;
SBC2;9;Amazoness Princess;;;;;;;;
SBC2;10;Amazoness Chain Master;;;;;;;;
SBC2;10;Doomdog Octhros;;;;;;;;
SBC2;11;Magikuriboh;;;;;;;;
SBC2;11;Reactor Slime;;;;;;;;
SBC2;11;Gravekeeper's Descendant;;;;;;;;
SBC2;11;Angel O1;;;;;;;;
SBC2;11;Fusion Devourer;;;;;;;;
SBC2;12;Gravekeeper's Recruiter;;;;;;;;
SBC2;12;Amazoness Queen;;;;;;;;
SBC2;12;Guiding Light;;;;;;;;
SBC2;12;Union Hangar;;;;;;;;
SBC2;12;Sol and Luna;;;;;;;;
SBC2;13;Gravekeeper's Oracle;;;;;;;;
SBC2;13;Hysteric Sign;;;;;;;;
SBC2;14;Embodiment of Apophis;;;;;;;;
SBC2;15;Millennium Revelation;;;;;;;;
SBC2;15;Tiki Curse;;;;;;;;
SBC2;16;Thunderspeed Summon;;;;;;;;
SBC2;16;Owner's Seal;;;;;;;;
SBC2;16;Bashing Shield;;;;;;;;
SBC2;16;Tiki Soul;;;;;;;;
SBC2;16;Amazoness Call;;;;;;;;
SBC2;16;Union Scramble;;;;;;;;
SBC2;17;Spell Shattering Arrow;;;;;;;;
SBC2;17;Amazoness Fighting Spirit;;;;;;;;
SBC2;17;Thunder Ball;;;;;;;;
SBC2;17;Shadow Spell;;;;;;;;
SBC2;17;Trap Hole of Spikes;;;;;;;;
SBC2;18;Joker's Wild;;;;;;;;
SBC2;18;Orgoth the Relentless;;;;;;;;
SBC2;18;Dark Spirit's Mastery;;;;;;;;
SBC2;19;Court of Cards;;;;;;;;
SBC2;19;Hidden Soldiers;;;;;;;;
SBC2;19;Wall of Disruption;;;;;;;;
SBC2;19;Amazoness Onslaught;;;;;;;;
SBC2;19;Champion's Vigilance;;;;;;;;
SBC2;19;Floodgate Trap Hole;;;;;;;;
SBC2;20;Quaking Mirror Force;;;;;;;;
SBC2;20;Prime Material Dragon;;;;;;;;
SBC2;21;Windstorm of Etaqua;;;;;;;;
SBC2;23;Sentence of Doom;;;;;;;;
SBC2;24;Zoma the Spirit;;;;;;;;
SBC2;25;Breakthrough Skill;;;;;;;;
SBC2;28;Maxx C;;;;;;;;
SD6;1;Dark Eradicator Warlock;;;;;;;;
SD6;2;Mythical Beast Cerberus;;;;;;;;
SD6;16;Rapid-Fire Magician;;;;;;;;
SD6;17;Magical Blast;;;;;;;;
SD6;29;Magical Dimension;;;;;;;;
SD6;30;Mystic Box;;;;;;;;
SD6;31;Nightmare's Steelcage;;;;;;;;
SDK;3;Ryu-Kishin;;;;;;;;
SDK;4;The Wicked Worm Beast;;;;;;;;
SDK;5;Battle Ox;;;;;;;;
SDK;6;Koumori Dragon;;;;;;;;
SDK;7;Judge Man;;;;;;;;
SDK;11;Gyakutenno Megami;;;;;;;;
SDK;14;Dark Titan of Terror;;;;;;;;
SDK;15;Dark Assailant;;;;;;;;
SDK;16;Master & Expert;;;;;;;;
SDK;17;Unknown Warrior of Fiend;;;;;;;;
SDK;19;Ogre of the Black Shadow;;;;;;;;
SDK;21;Invigoration;;;;;;;;
SDK;23;Ookazi;;;;;;;;
SDK;25;Swordstalker;;;;;;;;
SDK;27;Rude Kaiser;;;;;;;;
SDK;30;D. Human;;;;;;;;
SDK;37;The Inexperienced Spy;;;;;;;;
SDK;39;Ancient Telescope;;;;;;;;
SDK;40;Just Desserts;;;;;;;;
SDK;41;Lord of D.;;;;;;;;
SDK;42;The Flute of Summoning Dragon;;;;;;;;
SDK;43;Mysterious Puppeteer;;;;;;;;
SDP;5;Rogue Doll;;;;;;;;
SDP;9;Toon Alligator;;;;;;;;
SDP;40;Graceful Charity;;;;;;;;
SDP;50;Gryphon Wing;;;;;;;;
SDWD;4;Neo Kaiser Sea Horse;;;;;;;;
SDWD;5;Blue-Eyes Alternative White Dragon;;;;;;;;
SDWD;6;Blue-Eyes Jet Dragon;;;;;;;;
SDWD;9;Blue-Eyes Chaos MAX Dragon;;;;;;;;
SDWD;10;Blue-Eyes Chaos Dragon;;;;;;;;
SDWD;15;Dictator of D.;;;;;;;;
SDWD;16;Nibiru, the Primal Being;;;;;;;;
SDWD;18;Effect Veiler;;;;;;;;
SDWD;19;Roar of the Blue-Eyed Dragons;;;;;;;;
SDWD;20;Chaos Form;;;;;;;;
SDWD;21;Ultimate Fusion;;;;;;;;
SDWD;26;Called by the Grave;;;;;;;;
SDWD;27;Majesty of the White Dragons;;;;;;;;
SDWD;28;True Light;;;;;;;;
SDWD;29;The Ultimate Creature of Destruction;;;;;;;;
SDWD;30;Destined Rivals;;;;;;;;
SDWD;32;Indigo-Eyes Silver Dragon;;;;;;;;
SDWD;33;Spirit with Eyes of Blue;;;;;;;;
SDWD;35;Neo Blue-Eyes Ultimate Dragon;;;;;;;;
SDWD;37;Blue-Eyes Tyrant Dragon;;;;;;;;
SDWD;38;Blue-Eyes Spirit Dragon;;;;;;;;
SDWD;40;Hieratic Seal of the Heavenly Spheres;;;;;;;;
SDWD;41;Maiden of White;;;;;;;;
SDWD;42;Wishes for Eyes of Blue;;;;;;;;
SDWD;43;Blue-Eyes Ultimate Spirit Dragon;;;;;;;;
SDY;1;Mystical Elf;;;;;;;;
SDY;2;Feral Imp;;;;;;;;
SDY;3;Winged Dragon, Guardian of the Fortress #1;;;;;;;;
SDY;4;Summoned Skull;;;;;;;;
SDY;5;Beaver Warrior;;;;;;;;
SDY;6;Dark Magician;;;;;;;;
SDY;7;Gaia The Fierce Knight;;;;;;;;
SDY;8;Curse of Dragon;;;;;;;;
SDY;9;Celtic Guardian;;;;;;;;
SDY;10;Mammoth Graveyard;;;;;;;;
SDY;11;Great White;;;;;;;;
SDY;12;Silver Fang;;;;;;;;
SDY;13;Giant Soldier of Stone;;;;;;;;
SDY;14;Dragon Zombie;;;;;;;;
SDY;15;Doma The Angel of Silence;;;;;;;;
SDY;16;Ansatsu;;;;;;;;
SDY;17;Witty Phantom;;;;;;;;
SDY;18;Claw Reacher;;;;;;;;
SDY;19;Mystic Clown;;;;;;;;
SDY;20;Sword of Dark Destruction;;;;;;;;
SDY;20;Sword of Dark Destruction;;;;;;;;
SDY;21;Book of Secret Arts;;;;;;;;
SDY;22;Dark Hole;;;;;;;;
SDY;23;Dian Keto the Cure Master;;;;;;;;
SDY;23;Dian Keto the Cure Master;;;;;;;;
SDY;24;Ancient Elf;;;;;;;;
SDY;25;Magical Ghost;;;;;;;;
SDY;25;Magical Ghost;;;;;;;;
SDY;26;Fissure;;;;;;;;
SDY;27;Trap Hole;;;;;;;;
SDY;28;Two-Pronged Attack;;;;;;;;
SDY;29;De-Spell;;;;;;;;
SDY;29;De-Spell;;;;;;;;
SDY;30;Monster Reborn;;;;;;;;
SDY;31;Reinforcements;;;;;;;;
SDY;31;Reinforcements;;;;;;;;
SDY;32;Change of Heart;;;;;;;;
SDY;33;The Stern Mystic;;;;;;;;
SDY;33;The Stern Mystic;;;;;;;;
SDY;34;Wall of Illusion;;;;;;;;
SDY;34;Wall of Illusion;;;;;;;;
SDY;35;Neo the Magic Swordsman;;;;;;;;
SDY;35;Neo the Magic Swordsman;;;;;;;;
SDY;36;Baron of the Fiend Sword;;;;;;;;
SDY;36;Baron of the Fiend Sword;;;;;;;;
SDY;37;Man-Eating Treasure Chest;;;;;;;;
SDY;37;Man-Eating Treasure Chest;;;;;;;;
SDY;38;Sorcerer of the Doomed;;;;;;;;
SDY;38;Sorcerer of the Doomed;;;;;;;;
SDY;39;Last Will;;;;;;;;
SDY;39;Last Will;;;;;;;;
SDY;40;Waboku;;;;;;;;
SDY;40;Waboku;;;;;;;;
SDY;41;Soul Exchange;;;;;;;;
SDY;41;Soul Exchange;;;;;;;;
SDY;42;Card Destruction;;;;;;;;
SDY;42;Card Destruction;;;;;;;;
SDY;43;Trap Master;;;;;;;;
SDY;43;Trap Master;;;;;;;;
SDY;44;Dragon Capture Jar;;;;;;;;
SDY;45;Yami;;;;;;;;
SDY;46;Man-Eater Bug;;;;;;;;
SDY;47;Reverse Trap;;;;;;;;
SDY;47;Reverse Trap;;;;;;;;
SDY;48;Remove Trap;;;;;;;;
SDY;49;Castle Walls;;;;;;;;
SDY;49;Castle Walls;;;;;;;;
SDY;50;Ultimate Offering;;;;;;;;
SDY;50;Ultimate Offering;;;;;;;;
SECE;0;Dragoons of Draconia;;;;;;;;
SECE;1;Performapal Fire Mufflerlion;;;;;;;;
SECE;2;Performapal Partnaga;;;;;;;;
SECE;3;Performapal Friendonkey;;;;;;;;
SECE;4;Performapal Spikeagle;;;;;;;;
SECE;5;Performapal Stamp Turtle;;;;;;;;
SECE;6;Performapal Trump Witch;;;;;;;;
SECE;7;Superheavy Samurai Flutist;;;;;;;;
SECE;8;Superheavy Samurai Trumpeter;;;;;;;;
SECE;9;Superheavy Samurai Soulpiercer;;;;;;;;
SECE;10;Superheavy Samurai Soulbeads;;;;;;;;
SECE;11;Raidraptor - Vanishing Lanius;;;;;;;;
SECE;12;Gem-Knight Lapis;;;;;;;;
SECE;13;Infernoid Antra;;;;;;;;
SECE;14;Infernoid Harmadik;;;;;;;;
SECE;15;Infernoid Patrulea;;;;;;;;
SECE;16;Infernoid Piaty;;;;;;;;
SECE;17;Infernoid Seitsemas;;;;;;;;
SECE;18;Infernoid Attondel;;;;;;;;
SECE;19;Infernoid Onuncu;;;;;;;;
SECE;20;Qliphort Monolith;;;;;;;;
SECE;21;Qliphort Cephalopod;;;;;;;;
SECE;22;Qliphort Stealth;;;;;;;;
SECE;23;Apoqliphort Skybase;;;;;;;;
SECE;24;Satellarknight Capella;;;;;;;;
SECE;25;Satellarknight Rigel;;;;;;;;
SECE;26;Yosenju Magat;;;;;;;;
SECE;27;Yosenju Tsujik;;;;;;;;
SECE;28;Dance Princess of the Nekroz;;;;;;;;
SECE;29;Spiritual Beast Rampengu;;;;;;;;
SECE;30;Morphtronic Smartfon;;;;;;;;
SECE;31;Jinzo - Jector;;;;;;;;
SECE;32;Skilled Blue Magician;;;;;;;;
SECE;33;Koa'ki Meiru Overload;;;;;;;;
SECE;34;Jigabyte;;;;;;;;
SECE;35;Caius the Mega Monarch;;;;;;;;
SECE;36;Thunderclap Skywolf;;;;;;;;
SECE;37;Lightning Rod Lord;;;;;;;;
SECE;38;Dragon Dowser;;;;;;;;
SECE;39;Frontline Observer;;;;;;;;
SECE;40;Uni-Zombie;;;;;;;;
SECE;41;Deskbot 003;;;;;;;;
SECE;42;Legendary Maju Garzett;;;;;;;;
SECE;43;Marmiting Captain;;;;;;;;
SECE;44;Nekroz of Gungnir;;;;;;;;
SECE;45;Rune-Eyes Pendulum Dragon;;;;;;;;
SECE;46;Gem-Knight Lady Lapis Lazuli;;;;;;;;
SECE;47;El Shaddoll Wendigo;;;;;;;;
SECE;48;Superheavy Samurai Warlord Susanowo;;;;;;;;
SECE;49;Metaphys Horus;;;;;;;;
SECE;50;Raidraptor - Rise Falcon;;;;;;;;
SECE;51;Stellarknight Constellar Diamond;;;;;;;;
SECE;52;Sky Cavalry Centaurea;;;;;;;;
SECE;53;Illusion Balloons;;;;;;;;
SECE;54;Raidraptor - Nest;;;;;;;;
SECE;55;Constellar Twinkle;;;;;;;;
SECE;56;Gottoms' Second Call;;;;;;;;
SECE;57;Void Seer;;;;;;;;
SECE;58;Void Expansion;;;;;;;;
SECE;59;Nephe Shaddoll Fusion;;;;;;;;
SECE;60;Nekroz Cycle;;;;;;;;
SECE;61;Tenacity of the Monarchs;;;;;;;;
SECE;62;Dragunity Divine Lance;;;;;;;;
SECE;63;Pot of Riches;;;;;;;;
SECE;64;A Wild Monster Appears!;;;;;;;;
SECE;65;Pendulum Shift;;;;;;;;
SECE;66;Extra Net;;;;;;;;
SECE;67;Performapal Call;;;;;;;;
SECE;69;Last Minute Cancel;;;;;;;;
SECE;70;Raidraptor - Readiness;;;;;;;;
SECE;71;Eye of the Void;;;;;;;;
SECE;72;Void Launch;;;;;;;;
SECE;73;Re-qliate;;;;;;;;
SECE;74;Ritual Beast Ambush;;;;;;;;
SECE;75;Zenmaiday;;;;;;;;
SECE;76;Unpossessed;;;;;;;;
SECE;77;Blaze Accelerator Reload;;;;;;;;
SECE;78;Soul Transition;;;;;;;;
SECE;79;Echo Oscillation;;;;;;;;
SECE;80;Double Trap Hole;;;;;;;;
SECE;81;Mischief of the Gnomes;;;;;;;;
SECE;82;Farfa, Malebranche of the Burning Abyss;;;;;;;;
SECE;83;Libic, Malebranche of the Burning Abyss;;;;;;;;
SECE;84;Cagna, Malebranche of the Burning Abyss;;;;;;;;
SECE;85;Malacoda, Netherlord of the Burning Abyss;;;;;;;;
SECE;86;Good & Evil in the Burning Abyss;;;;;;;;
SECE;87;U.A. Playmaker;;;;;;;;
SECE;88;U.A. Blockbacker;;;;;;;;
SECE;89;U.A. Turnover Tactics;;;;;;;;
SECE;90;Gogogo Golem - Golden Form;;;;;;;;
SECE;91;Dododo Witch;;;;;;;;
SECE;92;Dododo Swordsman;;;;;;;;
SECE;93;Toy Knight;;;;;;;;
SECE;94;Explossum;;;;;;;;
SECE;95;Swordsman of Revealing Light;;;;;;;;
SECE;96;Doggy Diver;;;;;;;;
SECE;97;Level Lifter;;;;;;;;
SECE;98;Gogogo Talisman;;;;;;;;
SECE;99;Soul Strike;;;;;;;;
SOD;1;Charcoal Inpachi;;;;;;;;
SOD;2;Neo Aqua Madoor;;;;;;;;
SOD;3;Skull Dog Marron;;;;;;;;
SOD;4;Goblin Calligrapher;;;;;;;;
SOD;5;Ultimate Insect LV1;;;;;;;;
SOD;6;Horus the Black Flame Dragon LV4;;;;;;;;
SOD;7;Horus the Black Flame Dragon LV6;;;;;;;;
SOD;8;Horus the Black Flame Dragon LV8;;;;;;;;
SOD;9;Dark Mimic LV1;;;;;;;;
SOD;10;Dark Mimic LV3;;;;;;;;
SOD;11;Mystic Swordsman LV2;;;;;;;;
SOD;12;Mystic Swordsman LV4;;;;;;;;
SOD;13;Armed Dragon LV3;;;;;;;;
SOD;14;Armed Dragon LV5;;;;;;;;
SOD;15;Armed Dragon LV7;;;;;;;;
SOD;16;Horus' Servant;;;;;;;;
SOD;17;Black Dragon's Chick (as Red-Eyes B. Chick);;;;;;;;
SOD;18;Malice Doll of Demise;;;;;;;;
SOD;19;Ninja Grandmaster Sasuke;;;;;;;;
SOD;20;Rafflesia Seduction;;;;;;;;
SOD;21;Ultimate Baseball Kid;;;;;;;;
SOD;22;Mobius the Frost Monarch;;;;;;;;
SOD;23;Element Dragon;;;;;;;;
SOD;24;Element Soldier;;;;;;;;
SOD;25;Howling Insect;;;;;;;;
SOD;26;Masked Dragon;;;;;;;;
SOD;27;Mind on Air;;;;;;;;
SOD;28;Unshaven Angler;;;;;;;;
SOD;29;The Trojan Horse;;;;;;;;
SOD;30;Nobleman-Eater Bug;;;;;;;;
SOD;31;Enraged Muka Muka;;;;;;;;
SOD;32;Hade-Hane;;;;;;;;
SOD;33;Penumbral Soldier Lady;;;;;;;;
SOD;34;Ojama King;;;;;;;;
SOD;35;Master of Oz;;;;;;;;
SOD;36;Sanwitch;;;;;;;;
SOD;37;Dark Factory of Mass Production;;;;;;;;
SOD;38;Hammer Shot;;;;;;;;
SOD;39;Mind Wipe;;;;;;;;
SOD;40;Abyssal Designator;;;;;;;;
SOD;41;Level Up!;;;;;;;;
SOD;42;Inferno Fire Blast;;;;;;;;
SOD;43;Ectoplasmer;;;;;;;;
SOD;44;The Graveyard in the Fourth Dimension;;;;;;;;
SOD;45;Two-Man Cell Battle;;;;;;;;
SOD;46;Big Wave Small Wave;;;;;;;;
SOD;47;Fusion Weapon;;;;;;;;
SOD;48;Ritual Weapon;;;;;;;;
SOD;49;Taunt;;;;;;;;
SOD;50;Absolute End;;;;;;;;
SOD;52;Ninjitsu Art of Decoy;;;;;;;;
SOD;53;Enervating Mist;;;;;;;;
SOD;54;Heavy Slump;;;;;;;;
SOD;55;Greed;;;;;;;;
SOD;56;Mind Crush;;;;;;;;
SOD;57;Muko (as Null and Void);;;;;;;;
SOD;58;Gorgon's Eye;;;;;;;;
SOD;59;Cemetary Bomb (as Cemetery Bomb);;;;;;;;
SOD;60;Hallowed Life Barrier;;;;;;;;
SRL;0;Blue-Eyes Toon Dragon;;;;;;;;
SRL;1;Penguin Knight;;;;;;;;
SRL;2;Axe of Despair;;;;;;;;
SRL;3;Black Pendant;;;;;;;;
SRL;4;Horn of Light;;;;;;;;
SRL;5;Malevolent Nuzzler;;;;;;;;
SRL;6;Spellbinding Circle;;;;;;;;
SRL;7;Metal Fish;;;;;;;;
SRL;8;Electric Snake;;;;;;;;
SRL;9;Queen Bird;;;;;;;;
SRL;10;Ameba;;;;;;;;
SRL;11;Peacock;;;;;;;;
SRL;12;Maha Vailo;;;;;;;;
SRL;13;Guardian of the Throne Room;;;;;;;;
SRL;14;Fire Kraken;;;;;;;;
SRL;15;Minar;;;;;;;;
SRL;16;Griggle;;;;;;;;
SRL;17;Tyhone #2;;;;;;;;
SRL;18;Ancient One of the Deep Forest;;;;;;;;
SRL;19;Dark Witch;;;;;;;;
SRL;20;Weather Report;;;;;;;;
SRL;21;Mechanical Snail;;;;;;;;
SRL;22;Giant Turtle Who Feeds on Flames;;;;;;;;
SRL;23;Liquid Beast;;;;;;;;
SRL;24;Hiro's Shadow Scout;;;;;;;;
SRL;25;High Tide Gyojin;;;;;;;;
SRL;26;Invader of the Throne;;;;;;;;
SRL;27;Whiptail Crow;;;;;;;;
SRL;28;Slot Machine;;;;;;;;
SRL;29;Relinquished;;;;;;;;
SRL;30;Red Archery Girl;;;;;;;;
SRL;31;Gravekeeper's Servant;;;;;;;;
SRL;32;Curse of Fiend;;;;;;;;
SRL;33;Upstart Goblin;;;;;;;;
SRL;34;Toll;;;;;;;;
SRL;35;Final Destiny;;;;;;;;
SRL;36;Snatch Steal;;;;;;;;
SRL;37;Chorus of Sanctuary;;;;;;;;
SRL;38;Confiscation;;;;;;;;
SRL;39;Delinquent Duo;;;;;;;;
SRL;40;Darkness Approaches;;;;;;;;
SRL;41;Fairy's Hand Mirror;;;;;;;;
SRL;42;Tailor of the Fickle;;;;;;;;
SRL;43;Rush Recklessly;;;;;;;;
SRL;44;The Reliable Guardian;;;;;;;;
SRL;45;The Forceful Sentry;;;;;;;;
SRL;46;Chain Energy;;;;;;;;
SRL;47;Mystical Space Typhoon;;;;;;;;
SRL;49;Painful Choice;;;;;;;;
SRL;50;Snake Fang;;;;;;;;
SRL;51;Black Illusion Ritual;;;;;;;;
SRL;52;Octoberser;;;;;;;;
SRL;53;Psychic Kappa;;;;;;;;
SRL;54;Horn of the Unicorn;;;;;;;;
SRL;55;Labyrinth Wall;;;;;;;;
SRL;56;Wall Shadow;;;;;;;;
SRL;57;Twin Long Rods #2;;;;;;;;
SRL;58;Stone Ogre Grotto;;;;;;;;
SRL;59;Magical Labyrinth;;;;;;;;
SRL;60;Eternal Rest;;;;;;;;
SRL;61;Megamorph;;;;;;;;
SRL;62;Commencement Dance;;;;;;;;
SRL;63;Hamburger Recipe;;;;;;;;
SRL;64;House of Adhesive Tape;;;;;;;;
SRL;65;Eatgaboon;;;;;;;;
SRL;66;Turtle Oath;;;;;;;;
SRL;67;Performance of Sword;;;;;;;;
SRL;68;Hungry Burger;;;;;;;;
SRL;69;Crab Turtle;;;;;;;;
SRL;70;Ryu-Ran;;;;;;;;
SRL;71;Manga Ryu-Ran;;;;;;;;
SRL;72;Toon Mermaid;;;;;;;;
SRL;73;Toon Summoned Skull;;;;;;;;
SRL;74;Jigen Bakudan;;;;;;;;
SRL;75;Hyozanryu;;;;;;;;
SRL;76;Toon World;;;;;;;;
SRL;77;Cyber Jar;;;;;;;;
SRL;78;Banisher of the Light;;;;;;;;
SRL;79;Giant Rat;;;;;;;;
SRL;80;Senju of the Thousand Hands;;;;;;;;
SRL;81;UFO Turtle;;;;;;;;
SRL;82;Flash Assailant;;;;;;;;
SRL;83;Karate Man;;;;;;;;
SRL;84;Dark Zebra;;;;;;;;
SRL;85;Giant Germ;;;;;;;;
SRL;86;Nimble Momonga;;;;;;;;
SRL;87;Spear Cretin;;;;;;;;
SRL;88;Shining Angel;;;;;;;;
SRL;89;Boar Soldier;;;;;;;;
SRL;90;Mother Grizzly;;;;;;;;
SRL;91;Flying Kamakiri #1;;;;;;;;
SRL;92;Ceremonial Bell;;;;;;;;
SRL;93;Sonic Bird;;;;;;;;
SRL;94;Mystic Tomato;;;;;;;;
SRL;95;Kotodama;;;;;;;;
SRL;96;Gaia Power;;;;;;;;
SRL;97;Umiiruka;;;;;;;;
SRL;98;Molten Destruction;;;;;;;;
SRL;99;Rising Air Current;;;;;;;;
SRL;100;Luminous Spark;;;;;;;;
SRL;101;Mystic Plasma Zone;;;;;;;;
SRL;102;Messenger of Peace;;;;;;;;
SRL;103;Serpent Night Dragon;;;;;;;;
SYE;24;Black Luster Soldier;;;;;;;;
SYE;25;Black Luster Ritual;;;;;;;;
TP1;3;Kwagar Hercules;;;;;;;;
TP1;4;Patrol Robo;;;;;;;;
TP1;6;Elf's Light;;;;;;;;
TP1;7;Steel Shell;;;;;;;;
TP1;8;Blue Medicine;;;;;;;;
TP1;9;Raimei;;;;;;;;
TP1;10;Burning Spear;;;;;;;;
TP1;11;Gust Fan;;;;;;;;
TP1;14;Beastking of the Swamps;;;;;;;;
TP1;15;Versago the Destroyer;;;;;;;;
TP1;16;Wattkid (as Oscillo Hero #2);;;;;;;;
TP1;17;Giant Flea;;;;;;;;
TP1;18;Bean Soldier;;;;;;;;
TP1;20;Corroding Shark;;;;;;;;
TP1;21;Wow Warrior;;;;;;;;
TP1;22;Winged Dragon, Guardian of the Fortress #2;;;;;;;;
TP1;23;Oscillo Hero;;;;;;;;
TP1;25;Hercules Beetle;;;;;;;;
TP1;26;The Judgement Hand;;;;;;;;
TP1;27;Wodan the Resident of the Forest;;;;;;;;
TP1;28;Cyber Soldier of Darkworld;;;;;;;;
TP1;29;Cockroach Knight;;;;;;;;
TP1;30;Kuwagata ?;;;;;;;;
TP2;7;Skull Guardian;;;;;;;;
TP2;8;Novox's Prayer;;;;;;;;
TP2;9;Dokurorider;;;;;;;;
TP2;10;Revival of Dokurorider;;;;;;;;
TP2;11;Beautiful Headhuntress;;;;;;;;
TP2;12;Sonic Maid;;;;;;;;
TP2;13;Mystical Sheep #1;;;;;;;;
TP2;14;Warrior of Tradition;;;;;;;;
TP2;16;Dancing Elf;;;;;;;;
TP2;17;Turu-Purun;;;;;;;;
TP2;18;Dharma Cannon;;;;;;;;
TP2;20;Spirit of the Books;;;;;;;;
TP2;21;Faith Bird;;;;;;;;
TP2;22;Takuhee;;;;;;;;
TP2;23;Maiden of the Moonlight;;;;;;;;
TP2;24;Queen of Autumn Leaves;;;;;;;;
TP2;29;Sky Dragon;;;;;;;;
TP2;30;Water Magician;;;;;;;;
